class	path
com.netflix.config.DynamicIntegerSetProperty	/tmp/projects/zuul/zuul-core/src/main/java/com/netflix/config/DynamicIntegerSetProperty.java
com.netflix.config.PatternListStringProperty	/tmp/projects/zuul/zuul-core/src/main/java/com/netflix/config/PatternListStringProperty.java
com.netflix.zuul.monitoring.ConnTimer	/tmp/projects/zuul/zuul-core/src/main/java/com/netflix/zuul/monitoring/ConnTimer.java
com.netflix.zuul.Attrs	/tmp/projects/zuul/zuul-core/src/main/java/com/netflix/zuul/Attrs.java
com.netflix.zuul.Attrs$Key	/tmp/projects/zuul/zuul-core/src/main/java/com/netflix/zuul/Attrs.java
com.netflix.zuul.monitoring.Tracer	/tmp/projects/zuul/zuul-core/src/main/java/com/netflix/zuul/monitoring/Tracer.java
com.netflix.zuul.monitoring.ConnCounter	/tmp/projects/zuul/zuul-core/src/main/java/com/netflix/zuul/monitoring/ConnCounter.java
com.netflix.zuul.monitoring.TracerFactory	/tmp/projects/zuul/zuul-core/src/main/java/com/netflix/zuul/monitoring/TracerFactory.java
com.netflix.zuul.monitoring.MonitoringHelper	/tmp/projects/zuul/zuul-core/src/main/java/com/netflix/zuul/monitoring/MonitoringHelper.java
com.netflix.zuul.monitoring.MonitoringHelper$TracerFactoryImpl	/tmp/projects/zuul/zuul-core/src/main/java/com/netflix/zuul/monitoring/MonitoringHelper.java
com.netflix.zuul.monitoring.MonitoringHelper$TracerImpl	/tmp/projects/zuul/zuul-core/src/main/java/com/netflix/zuul/monitoring/MonitoringHelper.java
com.netflix.zuul.stats.status.ZuulStatusCategory	/tmp/projects/zuul/zuul-core/src/main/java/com/netflix/zuul/stats/status/ZuulStatusCategory.java
com.netflix.zuul.exception.OutboundErrorType	/tmp/projects/zuul/zuul-core/src/main/java/com/netflix/zuul/exception/OutboundErrorType.java
com.netflix.zuul.exception.ErrorType	/tmp/projects/zuul/zuul-core/src/main/java/com/netflix/zuul/exception/ErrorType.java
com.netflix.zuul.stats.status.StatusCategory	/tmp/projects/zuul/zuul-core/src/main/java/com/netflix/zuul/stats/status/StatusCategory.java
com.netflix.zuul.stats.status.StatusCategoryGroup	/tmp/projects/zuul/zuul-core/src/main/java/com/netflix/zuul/stats/status/StatusCategoryGroup.java
com.netflix.zuul.exception.ZuulFilterConcurrencyExceededException	/tmp/projects/zuul/zuul-core/src/main/java/com/netflix/zuul/exception/ZuulFilterConcurrencyExceededException.java
com.netflix.zuul.exception.ZuulException	/tmp/projects/zuul/zuul-core/src/main/java/com/netflix/zuul/exception/ZuulException.java
com.netflix.zuul.filters.ZuulFilter	/tmp/projects/zuul/zuul-core/src/main/java/com/netflix/zuul/filters/ZuulFilter.java
com.netflix.zuul.filters.ShouldFilter	/tmp/projects/zuul/zuul-core/src/main/java/com/netflix/zuul/filters/ShouldFilter.java
com.netflix.zuul.message.ZuulMessage	/tmp/projects/zuul/zuul-core/src/main/java/com/netflix/zuul/message/ZuulMessage.java
com.netflix.zuul.filters.FilterType	/tmp/projects/zuul/zuul-core/src/main/java/com/netflix/zuul/filters/FilterType.java
com.netflix.zuul.FilterCategory	/tmp/projects/zuul/zuul-core/src/main/java/com/netflix/zuul/FilterCategory.java
com.netflix.zuul.filters.FilterSyncType	/tmp/projects/zuul/zuul-core/src/main/java/com/netflix/zuul/filters/FilterSyncType.java
com.netflix.zuul.context.SessionContext	/tmp/projects/zuul/zuul-core/src/main/java/com/netflix/zuul/context/SessionContext.java
com.netflix.zuul.context.SessionContext$Key	/tmp/projects/zuul/zuul-core/src/main/java/com/netflix/zuul/context/SessionContext.java
com.netflix.zuul.message.Headers	/tmp/projects/zuul/zuul-core/src/main/java/com/netflix/zuul/message/Headers.java
com.netflix.zuul.message.HeaderName	/tmp/projects/zuul/zuul-core/src/main/java/com/netflix/zuul/message/HeaderName.java
com.netflix.zuul.message.Header	/tmp/projects/zuul/zuul-core/src/main/java/com/netflix/zuul/message/Header.java
com.netflix.zuul.message.http.HttpResponseMessage	/tmp/projects/zuul/zuul-core/src/main/java/com/netflix/zuul/message/http/HttpResponseMessage.java
com.netflix.zuul.message.http.HttpResponseInfo	/tmp/projects/zuul/zuul-core/src/main/java/com/netflix/zuul/message/http/HttpResponseInfo.java
com.netflix.zuul.filters.FilterError	/tmp/projects/zuul/zuul-core/src/main/java/com/netflix/zuul/filters/FilterError.java
com.netflix.zuul.message.http.HttpRequestMessage	/tmp/projects/zuul/zuul-core/src/main/java/com/netflix/zuul/message/http/HttpRequestMessage.java
com.netflix.zuul.message.http.HttpRequestInfo	/tmp/projects/zuul/zuul-core/src/main/java/com/netflix/zuul/message/http/HttpRequestInfo.java
com.netflix.zuul.message.http.HttpQueryParams	/tmp/projects/zuul/zuul-core/src/main/java/com/netflix/zuul/message/http/HttpQueryParams.java
com.netflix.zuul.message.http.Cookies	/tmp/projects/zuul/zuul-core/src/main/java/com/netflix/zuul/message/http/Cookies.java
com.netflix.zuul.exception.OutboundException	/tmp/projects/zuul/zuul-core/src/main/java/com/netflix/zuul/exception/OutboundException.java
com.netflix.zuul.niws.RequestAttempts	/tmp/projects/zuul/zuul-core/src/main/java/com/netflix/zuul/niws/RequestAttempts.java
com.netflix.zuul.niws.RequestAttempt	/tmp/projects/zuul/zuul-core/src/main/java/com/netflix/zuul/niws/RequestAttempt.java
com.netflix.zuul.ExecutionStatus	/tmp/projects/zuul/zuul-core/src/main/java/com/netflix/zuul/ExecutionStatus.java
com.netflix.zuul.stats.monitoring.MonitorRegistry	/tmp/projects/zuul/zuul-core/src/main/java/com/netflix/zuul/stats/monitoring/MonitorRegistry.java
com.netflix.zuul.stats.monitoring.Monitor	/tmp/projects/zuul/zuul-core/src/main/java/com/netflix/zuul/stats/monitoring/Monitor.java
com.netflix.zuul.stats.monitoring.NamedCount	/tmp/projects/zuul/zuul-core/src/main/java/com/netflix/zuul/stats/monitoring/NamedCount.java
com.netflix.zuul.stats.AmazonInfoHolder	/tmp/projects/zuul/zuul-core/src/main/java/com/netflix/zuul/stats/AmazonInfoHolder.java
com.netflix.zuul.stats.ErrorStatsData	/tmp/projects/zuul/zuul-core/src/main/java/com/netflix/zuul/stats/ErrorStatsData.java
com.netflix.zuul.stats.NamedCountingMonitor	/tmp/projects/zuul/zuul-core/src/main/java/com/netflix/zuul/stats/NamedCountingMonitor.java
com.netflix.zuul.stats.BasicRequestMetricsPublisher	/tmp/projects/zuul/zuul-core/src/main/java/com/netflix/zuul/stats/BasicRequestMetricsPublisher.java
com.netflix.zuul.stats.RequestMetricsPublisher	/tmp/projects/zuul/zuul-core/src/main/java/com/netflix/zuul/stats/RequestMetricsPublisher.java
com.netflix.zuul.stats.ErrorStatsManager	/tmp/projects/zuul/zuul-core/src/main/java/com/netflix/zuul/stats/ErrorStatsManager.java
com.netflix.zuul.stats.ErrorStatsManager$UnitTest	/tmp/projects/zuul/zuul-core/src/main/java/com/netflix/zuul/stats/ErrorStatsManager.java
com.netflix.zuul.stats.status.ZuulStatusCategoryGroup	/tmp/projects/zuul/zuul-core/src/main/java/com/netflix/zuul/stats/status/ZuulStatusCategoryGroup.java
com.netflix.zuul.stats.status.StatusCategoryUtils	/tmp/projects/zuul/zuul-core/src/main/java/com/netflix/zuul/stats/status/StatusCategoryUtils.java
com.netflix.zuul.stats.RouteStatusCodeMonitor	/tmp/projects/zuul/zuul-core/src/main/java/com/netflix/zuul/stats/RouteStatusCodeMonitor.java
com.netflix.zuul.stats.StatsManager	/tmp/projects/zuul/zuul-core/src/main/java/com/netflix/zuul/stats/StatsManager.java
com.netflix.zuul.DefaultFilterFactory	/tmp/projects/zuul/zuul-core/src/main/java/com/netflix/zuul/DefaultFilterFactory.java
com.netflix.zuul.FilterFactory	/tmp/projects/zuul/zuul-core/src/main/java/com/netflix/zuul/FilterFactory.java
com.netflix.zuul.FilterUsageNotifier	/tmp/projects/zuul/zuul-core/src/main/java/com/netflix/zuul/FilterUsageNotifier.java
com.netflix.zuul.ZuulApplicationInfo	/tmp/projects/zuul/zuul-core/src/main/java/com/netflix/zuul/ZuulApplicationInfo.java
com.netflix.zuul.metrics.OriginStatsFactory	/tmp/projects/zuul/zuul-core/src/main/java/com/netflix/zuul/metrics/OriginStatsFactory.java
com.netflix.zuul.metrics.OriginStats	/tmp/projects/zuul/zuul-core/src/main/java/com/netflix/zuul/metrics/OriginStats.java
com.netflix.zuul.DynamicFilterLoader	/tmp/projects/zuul/zuul-core/src/main/java/com/netflix/zuul/DynamicFilterLoader.java
com.netflix.zuul.FilterLoader	/tmp/projects/zuul/zuul-core/src/main/java/com/netflix/zuul/FilterLoader.java
com.netflix.zuul.filters.FilterRegistry	/tmp/projects/zuul/zuul-core/src/main/java/com/netflix/zuul/filters/FilterRegistry.java
com.netflix.zuul.DynamicCodeCompiler	/tmp/projects/zuul/zuul-core/src/main/java/com/netflix/zuul/DynamicCodeCompiler.java
com.netflix.zuul.context.Debug	/tmp/projects/zuul/zuul-core/src/main/java/com/netflix/zuul/context/Debug.java
com.netflix.zuul.context.ZuulSessionContextDecorator	/tmp/projects/zuul/zuul-core/src/main/java/com/netflix/zuul/context/ZuulSessionContextDecorator.java
com.netflix.zuul.context.SessionContextDecorator	/tmp/projects/zuul/zuul-core/src/main/java/com/netflix/zuul/context/SessionContextDecorator.java
com.netflix.zuul.origins.OriginManager	/tmp/projects/zuul/zuul-core/src/main/java/com/netflix/zuul/origins/OriginManager.java
com.netflix.zuul.origins.Origin	/tmp/projects/zuul/zuul-core/src/main/java/com/netflix/zuul/origins/Origin.java
com.netflix.zuul.origins.OriginName	/tmp/projects/zuul/zuul-core/src/main/java/com/netflix/zuul/origins/OriginName.java
com.netflix.zuul.context.SessionCleaner	/tmp/projects/zuul/zuul-core/src/main/java/com/netflix/zuul/context/SessionCleaner.java
com.netflix.zuul.context.SessionContextFactory	/tmp/projects/zuul/zuul-core/src/main/java/com/netflix/zuul/context/SessionContextFactory.java
com.netflix.zuul.context.CommonContextKeys	/tmp/projects/zuul/zuul-core/src/main/java/com/netflix/zuul/context/CommonContextKeys.java
com.netflix.zuul.passport.PassportState	/tmp/projects/zuul/zuul-core/src/main/java/com/netflix/zuul/passport/PassportState.java
com.netflix.zuul.passport.PassportItem	/tmp/projects/zuul/zuul-core/src/main/java/com/netflix/zuul/passport/PassportItem.java
com.netflix.zuul.passport.StartAndEnd	/tmp/projects/zuul/zuul-core/src/main/java/com/netflix/zuul/passport/StartAndEnd.java
com.netflix.zuul.Filter	/tmp/projects/zuul/zuul-core/src/main/java/com/netflix/zuul/Filter.java
com.netflix.zuul.Filter$FilterPackageName	/tmp/projects/zuul/zuul-core/src/main/java/com/netflix/zuul/Filter.java
com.netflix.zuul.Filter$ApplyAfter	/tmp/projects/zuul/zuul-core/src/main/java/com/netflix/zuul/Filter.java
com.netflix.zuul.Filter$ApplyBefore	/tmp/projects/zuul/zuul-core/src/main/java/com/netflix/zuul/Filter.java
com.netflix.zuul.FilterFileManager	/tmp/projects/zuul/zuul-core/src/main/java/com/netflix/zuul/FilterFileManager.java
com.netflix.zuul.FilterFileManager$1	/tmp/projects/zuul/zuul-core/src/main/java/com/netflix/zuul/FilterFileManager.java
com.netflix.zuul.FilterFileManager$FilterFileManagerConfig	/tmp/projects/zuul/zuul-core/src/main/java/com/netflix/zuul/FilterFileManager.java
com.netflix.zuul.RequestCompleteHandler	/tmp/projects/zuul/zuul-core/src/main/java/com/netflix/zuul/RequestCompleteHandler.java
com.netflix.zuul.origins.OriginThrottledException	/tmp/projects/zuul/zuul-core/src/main/java/com/netflix/zuul/origins/OriginThrottledException.java
com.netflix.zuul.origins.InstrumentedOrigin	/tmp/projects/zuul/zuul-core/src/main/java/com/netflix/zuul/origins/InstrumentedOrigin.java
com.netflix.zuul.origins.OriginConcurrencyExceededException	/tmp/projects/zuul/zuul-core/src/main/java/com/netflix/zuul/origins/OriginConcurrencyExceededException.java
com.netflix.zuul.origins.NettyOrigin	/tmp/projects/zuul/zuul-core/src/main/java/com/netflix/zuul/origins/NettyOrigin.java
com.netflix.zuul.netty.server.BaseZuulChannelInitializer	/tmp/projects/zuul/zuul-core/src/main/java/com/netflix/zuul/netty/server/BaseZuulChannelInitializer.java
com.netflix.zuul.netty.connectionpool.DefaultOriginChannelInitializer	/tmp/projects/zuul/zuul-core/src/main/java/com/netflix/zuul/netty/connectionpool/DefaultOriginChannelInitializer.java
com.netflix.zuul.netty.connectionpool.PooledConnection	/tmp/projects/zuul/zuul-core/src/main/java/com/netflix/zuul/netty/connectionpool/PooledConnection.java
com.netflix.zuul.netty.connectionpool.PooledConnection$ConnectionState	/tmp/projects/zuul/zuul-core/src/main/java/com/netflix/zuul/netty/connectionpool/PooledConnection.java
com.netflix.zuul.netty.connectionpool.OriginChannelInitializer	/tmp/projects/zuul/zuul-core/src/main/java/com/netflix/zuul/netty/connectionpool/OriginChannelInitializer.java
com.netflix.zuul.netty.connectionpool.ClientChannelManager	/tmp/projects/zuul/zuul-core/src/main/java/com/netflix/zuul/netty/connectionpool/ClientChannelManager.java
com.netflix.zuul.netty.connectionpool.ConnectionPoolConfig	/tmp/projects/zuul/zuul-core/src/main/java/com/netflix/zuul/netty/connectionpool/ConnectionPoolConfig.java
com.netflix.netty.common.HttpLifecycleChannelHandler	/tmp/projects/zuul/zuul-core/src/main/java/com/netflix/netty/common/HttpLifecycleChannelHandler.java
com.netflix.netty.common.HttpLifecycleChannelHandler$State	/tmp/projects/zuul/zuul-core/src/main/java/com/netflix/netty/common/HttpLifecycleChannelHandler.java
com.netflix.netty.common.HttpLifecycleChannelHandler$CompleteReason	/tmp/projects/zuul/zuul-core/src/main/java/com/netflix/netty/common/HttpLifecycleChannelHandler.java
com.netflix.netty.common.HttpLifecycleChannelHandler$StartEvent	/tmp/projects/zuul/zuul-core/src/main/java/com/netflix/netty/common/HttpLifecycleChannelHandler.java
com.netflix.netty.common.HttpLifecycleChannelHandler$CompleteEvent	/tmp/projects/zuul/zuul-core/src/main/java/com/netflix/netty/common/HttpLifecycleChannelHandler.java
com.netflix.zuul.netty.connectionpool.ConnectionPoolHandler	/tmp/projects/zuul/zuul-core/src/main/java/com/netflix/zuul/netty/connectionpool/ConnectionPoolHandler.java
com.netflix.netty.common.metrics.HttpMetricsChannelHandler	/tmp/projects/zuul/zuul-core/src/main/java/com/netflix/netty/common/metrics/HttpMetricsChannelHandler.java
com.netflix.netty.common.channel.config.ChannelConfig	/tmp/projects/zuul/zuul-core/src/main/java/com/netflix/netty/common/channel/config/ChannelConfig.java
com.netflix.netty.common.metrics.PerEventLoopMetricsChannelHandler	/tmp/projects/zuul/zuul-core/src/main/java/com/netflix/netty/common/metrics/PerEventLoopMetricsChannelHandler.java
com.netflix.netty.common.metrics.PerEventLoopMetricsChannelHandler$Connections	/tmp/projects/zuul/zuul-core/src/main/java/com/netflix/netty/common/metrics/PerEventLoopMetricsChannelHandler.java
com.netflix.netty.common.metrics.PerEventLoopMetricsChannelHandler$HttpRequests	/tmp/projects/zuul/zuul-core/src/main/java/com/netflix/netty/common/metrics/PerEventLoopMetricsChannelHandler.java
com.netflix.netty.common.throttle.MaxInboundConnectionsHandler	/tmp/projects/zuul/zuul-core/src/main/java/com/netflix/netty/common/throttle/MaxInboundConnectionsHandler.java
com.netflix.netty.common.accesslog.AccessLogPublisher	/tmp/projects/zuul/zuul-core/src/main/java/com/netflix/netty/common/accesslog/AccessLogPublisher.java
com.netflix.zuul.netty.insights.PassportLoggingHandler	/tmp/projects/zuul/zuul-core/src/main/java/com/netflix/zuul/netty/insights/PassportLoggingHandler.java
com.netflix.netty.common.proxyprotocol.StripUntrustedProxyHeadersHandler	/tmp/projects/zuul/zuul-core/src/main/java/com/netflix/netty/common/proxyprotocol/StripUntrustedProxyHeadersHandler.java
com.netflix.netty.common.proxyprotocol.StripUntrustedProxyHeadersHandler$AllowWhen	/tmp/projects/zuul/zuul-core/src/main/java/com/netflix/netty/common/proxyprotocol/StripUntrustedProxyHeadersHandler.java
com.netflix.netty.common.SourceAddressChannelHandler	/tmp/projects/zuul/zuul-core/src/main/java/com/netflix/netty/common/SourceAddressChannelHandler.java
com.netflix.zuul.netty.filter.ZuulFilterChainRunner	/tmp/projects/zuul/zuul-core/src/main/java/com/netflix/zuul/netty/filter/ZuulFilterChainRunner.java
com.netflix.zuul.netty.filter.BaseZuulFilterRunner	/tmp/projects/zuul/zuul-core/src/main/java/com/netflix/zuul/netty/filter/BaseZuulFilterRunner.java
com.netflix.zuul.netty.filter.BaseZuulFilterRunner$FilterChainResumer	/tmp/projects/zuul/zuul-core/src/main/java/com/netflix/zuul/netty/filter/BaseZuulFilterRunner.java
com.netflix.zuul.netty.filter.FilterRunner	/tmp/projects/zuul/zuul-core/src/main/java/com/netflix/zuul/netty/filter/FilterRunner.java
com.netflix.zuul.netty.filter.ZuulEndPointRunner	/tmp/projects/zuul/zuul-core/src/main/java/com/netflix/zuul/netty/filter/ZuulEndPointRunner.java
com.netflix.zuul.netty.filter.ZuulEndPointRunner$1	/tmp/projects/zuul/zuul-core/src/main/java/com/netflix/zuul/netty/filter/ZuulEndPointRunner.java
com.netflix.zuul.filters.Endpoint	/tmp/projects/zuul/zuul-core/src/main/java/com/netflix/zuul/filters/Endpoint.java
com.netflix.zuul.filters.BaseFilter	/tmp/projects/zuul/zuul-core/src/main/java/com/netflix/zuul/filters/BaseFilter.java
com.netflix.zuul.netty.server.MethodBinding	/tmp/projects/zuul/zuul-core/src/main/java/com/netflix/zuul/netty/server/MethodBinding.java
com.netflix.netty.common.metrics.EventLoopGroupMetrics	/tmp/projects/zuul/zuul-core/src/main/java/com/netflix/netty/common/metrics/EventLoopGroupMetrics.java
com.netflix.netty.common.metrics.EventLoopGroupMetrics$EventLoopInfo	/tmp/projects/zuul/zuul-core/src/main/java/com/netflix/netty/common/metrics/EventLoopGroupMetrics.java
com.netflix.netty.common.metrics.EventLoopMetrics	/tmp/projects/zuul/zuul-core/src/main/java/com/netflix/netty/common/metrics/EventLoopMetrics.java
com.netflix.netty.common.channel.config.ChannelConfigKey	/tmp/projects/zuul/zuul-core/src/main/java/com/netflix/netty/common/channel/config/ChannelConfigKey.java
com.netflix.netty.common.channel.config.ChannelConfigValue	/tmp/projects/zuul/zuul-core/src/main/java/com/netflix/netty/common/channel/config/ChannelConfigValue.java
com.netflix.zuul.origins.BasicNettyOrigin	/tmp/projects/zuul/zuul-core/src/main/java/com/netflix/zuul/origins/BasicNettyOrigin.java
com.netflix.zuul.netty.NettyRequestAttemptFactory	/tmp/projects/zuul/zuul-core/src/main/java/com/netflix/zuul/netty/NettyRequestAttemptFactory.java
com.netflix.zuul.origins.BasicNettyOriginManager	/tmp/projects/zuul/zuul-core/src/main/java/com/netflix/zuul/origins/BasicNettyOriginManager.java
com.netflix.zuul.constants.ZuulConstants	/tmp/projects/zuul/zuul-core/src/main/java/com/netflix/zuul/constants/ZuulConstants.java
com.netflix.zuul.constants.ZuulHeaders	/tmp/projects/zuul/zuul-core/src/main/java/com/netflix/zuul/constants/ZuulHeaders.java
com.netflix.zuul.BasicRequestCompleteHandler	/tmp/projects/zuul/zuul-core/src/main/java/com/netflix/zuul/BasicRequestCompleteHandler.java
com.netflix.zuul.logging.Http2FrameLoggingPerClientIpHandler	/tmp/projects/zuul/zuul-core/src/main/java/com/netflix/zuul/logging/Http2FrameLoggingPerClientIpHandler.java
com.netflix.zuul.filters.http.HttpOutboundSyncFilter	/tmp/projects/zuul/zuul-core/src/main/java/com/netflix/zuul/filters/http/HttpOutboundSyncFilter.java
com.netflix.zuul.filters.BaseSyncFilter	/tmp/projects/zuul/zuul-core/src/main/java/com/netflix/zuul/filters/BaseSyncFilter.java
com.netflix.zuul.filters.SyncZuulFilter	/tmp/projects/zuul/zuul-core/src/main/java/com/netflix/zuul/filters/SyncZuulFilter.java
com.netflix.zuul.filters.http.HttpSyncEndpoint	/tmp/projects/zuul/zuul-core/src/main/java/com/netflix/zuul/filters/http/HttpSyncEndpoint.java
com.netflix.zuul.filters.http.HttpSyncEndpoint$ResponseState	/tmp/projects/zuul/zuul-core/src/main/java/com/netflix/zuul/filters/http/HttpSyncEndpoint.java
com.netflix.zuul.filters.http.HttpInboundFilter	/tmp/projects/zuul/zuul-core/src/main/java/com/netflix/zuul/filters/http/HttpInboundFilter.java
com.netflix.zuul.filters.http.HttpInboundSyncFilter	/tmp/projects/zuul/zuul-core/src/main/java/com/netflix/zuul/filters/http/HttpInboundSyncFilter.java
com.netflix.zuul.filters.http.HttpOutboundFilter	/tmp/projects/zuul/zuul-core/src/main/java/com/netflix/zuul/filters/http/HttpOutboundFilter.java
com.netflix.zuul.filters.SyncZuulFilterAdapter	/tmp/projects/zuul/zuul-core/src/main/java/com/netflix/zuul/filters/SyncZuulFilterAdapter.java
com.netflix.zuul.filters.endpoint.MissingEndpointHandlingFilter	/tmp/projects/zuul/zuul-core/src/main/java/com/netflix/zuul/filters/endpoint/MissingEndpointHandlingFilter.java
com.netflix.zuul.netty.server.http2.Http2OrHttpHandler	/tmp/projects/zuul/zuul-core/src/main/java/com/netflix/zuul/netty/server/http2/Http2OrHttpHandler.java
com.netflix.zuul.netty.server.ClientRequestReceiver	/tmp/projects/zuul/zuul-core/src/main/java/com/netflix/zuul/netty/server/ClientRequestReceiver.java
com.netflix.zuul.filters.endpoint.ProxyEndpoint	/tmp/projects/zuul/zuul-core/src/main/java/com/netflix/zuul/filters/endpoint/ProxyEndpoint.java
com.netflix.zuul.netty.timeouts.OriginTimeoutManager	/tmp/projects/zuul/zuul-core/src/main/java/com/netflix/zuul/netty/timeouts/OriginTimeoutManager.java
com.netflix.zuul.netty.server.OriginResponseReceiver	/tmp/projects/zuul/zuul-core/src/main/java/com/netflix/zuul/netty/server/OriginResponseReceiver.java
com.netflix.zuul.netty.connectionpool.RequestStat	/tmp/projects/zuul/zuul-core/src/main/java/com/netflix/zuul/netty/connectionpool/RequestStat.java
com.netflix.netty.common.http2.DynamicHttp2FrameLogger	/tmp/projects/zuul/zuul-core/src/main/java/com/netflix/netty/common/http2/DynamicHttp2FrameLogger.java
com.netflix.zuul.filters.passport.InboundPassportStampingFilter	/tmp/projects/zuul/zuul-core/src/main/java/com/netflix/zuul/filters/passport/InboundPassportStampingFilter.java
com.netflix.zuul.filters.passport.PassportStampingFilter	/tmp/projects/zuul/zuul-core/src/main/java/com/netflix/zuul/filters/passport/PassportStampingFilter.java
com.netflix.zuul.filters.passport.OutboundPassportStampingFilter	/tmp/projects/zuul/zuul-core/src/main/java/com/netflix/zuul/filters/passport/OutboundPassportStampingFilter.java
com.netflix.zuul.filters.common.SurgicalDebugFilter	/tmp/projects/zuul/zuul-core/src/main/java/com/netflix/zuul/filters/common/SurgicalDebugFilter.java
com.netflix.zuul.filters.common.GZipResponseFilter	/tmp/projects/zuul/zuul-core/src/main/java/com/netflix/zuul/filters/common/GZipResponseFilter.java
com.netflix.zuul.util.Gzipper	/tmp/projects/zuul/zuul-core/src/main/java/com/netflix/zuul/util/Gzipper.java
com.netflix.zuul.filters.MutableFilterRegistry	/tmp/projects/zuul/zuul-core/src/main/java/com/netflix/zuul/filters/MutableFilterRegistry.java
com.netflix.zuul.passport.CurrentPassport	/tmp/projects/zuul/zuul-core/src/main/java/com/netflix/zuul/passport/CurrentPassport.java
com.netflix.zuul.passport.CurrentPassport$Unlocker	/tmp/projects/zuul/zuul-core/src/main/java/com/netflix/zuul/passport/CurrentPassport.java
com.netflix.zuul.passport.CurrentPassport$IntrospectiveReentrantLock	/tmp/projects/zuul/zuul-core/src/main/java/com/netflix/zuul/passport/CurrentPassport.java
com.netflix.zuul.passport.CurrentPassport$MockTicker	/tmp/projects/zuul/zuul-core/src/main/java/com/netflix/zuul/passport/CurrentPassport.java
com.netflix.zuul.passport.CountingCurrentPassport	/tmp/projects/zuul/zuul-core/src/main/java/com/netflix/zuul/passport/CurrentPassport.java
com.netflix.zuul.plugins.Tracer	/tmp/projects/zuul/zuul-core/src/main/java/com/netflix/zuul/plugins/Tracer.java
com.netflix.zuul.plugins.Tracer$SpectatorTracer	/tmp/projects/zuul/zuul-core/src/main/java/com/netflix/zuul/plugins/Tracer.java
com.netflix.zuul.message.http.HttpHeaderNames	/tmp/projects/zuul/zuul-core/src/main/java/com/netflix/zuul/message/http/HttpHeaderNames.java
com.netflix.zuul.message.http.HttpHeaderNamesCache	/tmp/projects/zuul/zuul-core/src/main/java/com/netflix/zuul/message/http/HttpHeaderNamesCache.java
com.netflix.zuul.message.http.HttpRequestMessageImpl	/tmp/projects/zuul/zuul-core/src/main/java/com/netflix/zuul/message/http/HttpRequestMessageImpl.java
com.netflix.zuul.message.http.HttpRequestMessageImpl$1	/tmp/projects/zuul/zuul-core/src/main/java/com/netflix/zuul/message/http/HttpRequestMessageImpl.java
com.netflix.zuul.message.http.HttpResponseMessageImpl	/tmp/projects/zuul/zuul-core/src/main/java/com/netflix/zuul/message/http/HttpResponseMessageImpl.java
com.netflix.zuul.message.ZuulMessageImpl	/tmp/projects/zuul/zuul-core/src/main/java/com/netflix/zuul/message/ZuulMessageImpl.java
com.netflix.zuul.message.util.HttpRequestBuilder	/tmp/projects/zuul/zuul-core/src/main/java/com/netflix/zuul/message/util/HttpRequestBuilder.java
com.netflix.zuul.util.ProxyUtils	/tmp/projects/zuul/zuul-core/src/main/java/com/netflix/zuul/util/ProxyUtils.java
com.netflix.zuul.util.JsonUtility	/tmp/projects/zuul/zuul-core/src/main/java/com/netflix/zuul/util/JsonUtility.java
com.netflix.zuul.util.JsonUtility$JsonDocument	/tmp/projects/zuul/zuul-core/src/main/java/com/netflix/zuul/util/JsonUtility.java
com.netflix.zuul.util.JsonUtility$JsonCapableObject	/tmp/projects/zuul/zuul-core/src/main/java/com/netflix/zuul/util/JsonUtility.java
com.netflix.zuul.util.HttpUtils	/tmp/projects/zuul/zuul-core/src/main/java/com/netflix/zuul/util/HttpUtils.java
com.netflix.zuul.util.VipUtils	/tmp/projects/zuul/zuul-core/src/main/java/com/netflix/zuul/util/VipUtils.java
com.netflix.zuul.netty.server.push.PushMessageSender	/tmp/projects/zuul/zuul-core/src/main/java/com/netflix/zuul/netty/server/push/PushMessageSender.java
com.netflix.zuul.netty.server.push.PushConnectionRegistry	/tmp/projects/zuul/zuul-core/src/main/java/com/netflix/zuul/netty/server/push/PushConnectionRegistry.java
com.netflix.zuul.netty.server.push.PushUserAuth	/tmp/projects/zuul/zuul-core/src/main/java/com/netflix/zuul/netty/server/push/PushUserAuth.java
com.netflix.zuul.netty.server.push.PushConnection	/tmp/projects/zuul/zuul-core/src/main/java/com/netflix/zuul/netty/server/push/PushConnection.java
com.netflix.zuul.netty.server.push.PushProtocol	/tmp/projects/zuul/zuul-core/src/main/java/com/netflix/zuul/netty/server/push/PushProtocol.java
com.netflix.zuul.netty.server.push.PushProtocol$1	/tmp/projects/zuul/zuul-core/src/main/java/com/netflix/zuul/netty/server/push/PushProtocol.java
com.netflix.zuul.netty.server.push.PushProtocol$2	/tmp/projects/zuul/zuul-core/src/main/java/com/netflix/zuul/netty/server/push/PushProtocol.java
com.netflix.zuul.netty.server.push.PushMessageSenderInitializer	/tmp/projects/zuul/zuul-core/src/main/java/com/netflix/zuul/netty/server/push/PushMessageSenderInitializer.java
com.netflix.zuul.netty.server.push.PushChannelInitializer	/tmp/projects/zuul/zuul-core/src/main/java/com/netflix/zuul/netty/server/push/PushChannelInitializer.java
com.netflix.zuul.netty.server.push.PushRegistrationHandler	/tmp/projects/zuul/zuul-core/src/main/java/com/netflix/zuul/netty/server/push/PushRegistrationHandler.java
com.netflix.zuul.netty.server.push.PushClientProtocolHandler	/tmp/projects/zuul/zuul-core/src/main/java/com/netflix/zuul/netty/server/push/PushClientProtocolHandler.java
com.netflix.zuul.netty.server.push.PushMessageFactory	/tmp/projects/zuul/zuul-core/src/main/java/com/netflix/zuul/netty/server/push/PushMessageFactory.java
com.netflix.zuul.netty.server.push.PushAuthHandler	/tmp/projects/zuul/zuul-core/src/main/java/com/netflix/zuul/netty/server/push/PushAuthHandler.java
com.netflix.zuul.netty.server.ZuulServerChannelInitializer	/tmp/projects/zuul/zuul-core/src/main/java/com/netflix/zuul/netty/server/ZuulServerChannelInitializer.java
com.netflix.zuul.netty.server.ServerTimeout	/tmp/projects/zuul/zuul-core/src/main/java/com/netflix/zuul/netty/server/ServerTimeout.java
com.netflix.zuul.netty.server.ClientConnectionsShutdown	/tmp/projects/zuul/zuul-core/src/main/java/com/netflix/zuul/netty/server/ClientConnectionsShutdown.java
com.netflix.zuul.netty.server.Server	/tmp/projects/zuul/zuul-core/src/main/java/com/netflix/zuul/netty/server/Server.java
com.netflix.zuul.netty.server.Server$ServerGroup	/tmp/projects/zuul/zuul-core/src/main/java/com/netflix/zuul/netty/server/Server.java
com.netflix.zuul.netty.server.Server$ServerGroup$1	/tmp/projects/zuul/zuul-core/src/main/java/com/netflix/zuul/netty/server/Server.java
com.netflix.zuul.netty.server.Server$NewConnHandler	/tmp/projects/zuul/zuul-core/src/main/java/com/netflix/zuul/netty/server/Server.java
com.netflix.netty.common.status.ServerStatusManager	/tmp/projects/zuul/zuul-core/src/main/java/com/netflix/netty/common/status/ServerStatusManager.java
com.netflix.zuul.netty.server.NamedSocketAddress	/tmp/projects/zuul/zuul-core/src/main/java/com/netflix/zuul/netty/server/NamedSocketAddress.java
com.netflix.zuul.netty.server.EventLoopConfig	/tmp/projects/zuul/zuul-core/src/main/java/com/netflix/zuul/netty/server/EventLoopConfig.java
com.netflix.zuul.netty.server.ClientResponseWriter	/tmp/projects/zuul/zuul-core/src/main/java/com/netflix/zuul/netty/server/ClientResponseWriter.java
com.netflix.zuul.netty.server.DirectMemoryMonitor	/tmp/projects/zuul/zuul-core/src/main/java/com/netflix/zuul/netty/server/DirectMemoryMonitor.java
com.netflix.zuul.netty.server.ZuulDependencyKeys	/tmp/projects/zuul/zuul-core/src/main/java/com/netflix/zuul/netty/server/ZuulDependencyKeys.java
com.netflix.zuul.netty.server.DefaultEventLoopConfig	/tmp/projects/zuul/zuul-core/src/main/java/com/netflix/zuul/netty/server/DefaultEventLoopConfig.java
com.netflix.zuul.netty.server.Http1MutualSslChannelInitializer	/tmp/projects/zuul/zuul-core/src/main/java/com/netflix/zuul/netty/server/Http1MutualSslChannelInitializer.java
com.netflix.zuul.netty.ssl.SslContextFactory	/tmp/projects/zuul/zuul-core/src/main/java/com/netflix/zuul/netty/ssl/SslContextFactory.java
com.netflix.zuul.netty.server.BaseServerStartup	/tmp/projects/zuul/zuul-core/src/main/java/com/netflix/zuul/netty/server/BaseServerStartup.java
com.netflix.netty.common.ssl.ServerSslConfig	/tmp/projects/zuul/zuul-core/src/main/java/com/netflix/netty/common/ssl/ServerSslConfig.java
com.netflix.zuul.netty.server.http2.Http2StreamInitializer	/tmp/projects/zuul/zuul-core/src/main/java/com/netflix/zuul/netty/server/http2/Http2StreamInitializer.java
com.netflix.zuul.netty.server.http2.Http2StreamHeaderCleaner	/tmp/projects/zuul/zuul-core/src/main/java/com/netflix/zuul/netty/server/http2/Http2StreamHeaderCleaner.java
com.netflix.zuul.netty.server.http2.Http2ResetFrameHandler	/tmp/projects/zuul/zuul-core/src/main/java/com/netflix/zuul/netty/server/http2/Http2ResetFrameHandler.java
com.netflix.zuul.netty.server.http2.Http2StreamErrorHandler	/tmp/projects/zuul/zuul-core/src/main/java/com/netflix/zuul/netty/server/http2/Http2StreamErrorHandler.java
com.netflix.netty.common.metrics.Http2MetricsChannelHandlers	/tmp/projects/zuul/zuul-core/src/main/java/com/netflix/netty/common/metrics/Http2MetricsChannelHandlers.java
com.netflix.netty.common.metrics.Http2MetricsChannelHandlers$Inbound	/tmp/projects/zuul/zuul-core/src/main/java/com/netflix/netty/common/metrics/Http2MetricsChannelHandlers.java
com.netflix.netty.common.metrics.Http2MetricsChannelHandlers$Outbound	/tmp/projects/zuul/zuul-core/src/main/java/com/netflix/netty/common/metrics/Http2MetricsChannelHandlers.java
com.netflix.netty.common.Http2ConnectionCloseHandler	/tmp/projects/zuul/zuul-core/src/main/java/com/netflix/netty/common/Http2ConnectionCloseHandler.java
com.netflix.netty.common.Http2ConnectionExpiryHandler	/tmp/projects/zuul/zuul-core/src/main/java/com/netflix/netty/common/Http2ConnectionExpiryHandler.java
com.netflix.netty.common.AbstrHttpConnectionExpiryHandler	/tmp/projects/zuul/zuul-core/src/main/java/com/netflix/netty/common/AbstrHttpConnectionExpiryHandler.java
com.netflix.netty.common.ConnectionCloseType	/tmp/projects/zuul/zuul-core/src/main/java/com/netflix/netty/common/ConnectionCloseType.java
com.netflix.zuul.netty.server.http2.Http2Configuration	/tmp/projects/zuul/zuul-core/src/main/java/com/netflix/zuul/netty/server/http2/Http2Configuration.java
com.netflix.zuul.netty.server.http2.Http2SslChannelInitializer	/tmp/projects/zuul/zuul-core/src/main/java/com/netflix/zuul/netty/server/http2/Http2SslChannelInitializer.java
com.netflix.zuul.netty.server.http2.DummyChannelHandler	/tmp/projects/zuul/zuul-core/src/main/java/com/netflix/zuul/netty/server/http2/DummyChannelHandler.java
com.netflix.netty.common.SwallowSomeHttp2ExceptionsHandler	/tmp/projects/zuul/zuul-core/src/main/java/com/netflix/netty/common/SwallowSomeHttp2ExceptionsHandler.java
com.netflix.zuul.netty.server.http2.Http2ContentLengthEnforcingHandler	/tmp/projects/zuul/zuul-core/src/main/java/com/netflix/zuul/netty/server/http2/Http2ContentLengthEnforcingHandler.java
com.netflix.zuul.netty.server.SocketAddressProperty	/tmp/projects/zuul/zuul-core/src/main/java/com/netflix/zuul/netty/server/SocketAddressProperty.java
com.netflix.zuul.netty.server.SocketAddressProperty$BindType	/tmp/projects/zuul/zuul-core/src/main/java/com/netflix/zuul/netty/server/SocketAddressProperty.java
com.netflix.zuul.netty.server.SocketAddressProperty$Decoder	/tmp/projects/zuul/zuul-core/src/main/java/com/netflix/zuul/netty/server/SocketAddressProperty.java
com.netflix.zuul.netty.server.ssl.SslHandshakeInfoHandler	/tmp/projects/zuul/zuul-core/src/main/java/com/netflix/zuul/netty/server/ssl/SslHandshakeInfoHandler.java
com.netflix.netty.common.ssl.SslHandshakeInfo	/tmp/projects/zuul/zuul-core/src/main/java/com/netflix/netty/common/ssl/SslHandshakeInfo.java
com.netflix.zuul.netty.ratelimiting.NullChannelHandlerProvider	/tmp/projects/zuul/zuul-core/src/main/java/com/netflix/zuul/netty/ratelimiting/NullChannelHandlerProvider.java
com.netflix.zuul.netty.insights.ServerStateHandler	/tmp/projects/zuul/zuul-core/src/main/java/com/netflix/zuul/netty/insights/ServerStateHandler.java
com.netflix.zuul.netty.insights.ServerStateHandler$InboundHandler	/tmp/projects/zuul/zuul-core/src/main/java/com/netflix/zuul/netty/insights/ServerStateHandler.java
com.netflix.zuul.netty.insights.ServerStateHandler$OutboundHandler	/tmp/projects/zuul/zuul-core/src/main/java/com/netflix/zuul/netty/insights/ServerStateHandler.java
com.netflix.zuul.netty.insights.PassportStateHttpServerHandler	/tmp/projects/zuul/zuul-core/src/main/java/com/netflix/zuul/netty/insights/PassportStateHttpServerHandler.java
com.netflix.zuul.netty.insights.PassportStateHttpServerHandler$InboundHandler	/tmp/projects/zuul/zuul-core/src/main/java/com/netflix/zuul/netty/insights/PassportStateHttpServerHandler.java
com.netflix.zuul.netty.insights.PassportStateHttpServerHandler$OutboundHandler	/tmp/projects/zuul/zuul-core/src/main/java/com/netflix/zuul/netty/insights/PassportStateHttpServerHandler.java
com.netflix.zuul.netty.insights.PassportStateOriginHandler	/tmp/projects/zuul/zuul-core/src/main/java/com/netflix/zuul/netty/insights/PassportStateOriginHandler.java
com.netflix.zuul.netty.insights.PassportStateOriginHandler$InboundHandler	/tmp/projects/zuul/zuul-core/src/main/java/com/netflix/zuul/netty/insights/PassportStateOriginHandler.java
com.netflix.zuul.netty.insights.PassportStateOriginHandler$OutboundHandler	/tmp/projects/zuul/zuul-core/src/main/java/com/netflix/zuul/netty/insights/PassportStateOriginHandler.java
com.netflix.zuul.netty.insights.PassportStateListener	/tmp/projects/zuul/zuul-core/src/main/java/com/netflix/zuul/netty/insights/PassportStateListener.java
com.netflix.zuul.netty.insights.PassportStateHttpClientHandler	/tmp/projects/zuul/zuul-core/src/main/java/com/netflix/zuul/netty/insights/PassportStateHttpClientHandler.java
com.netflix.zuul.netty.insights.PassportStateHttpClientHandler$InboundHandler	/tmp/projects/zuul/zuul-core/src/main/java/com/netflix/zuul/netty/insights/PassportStateHttpClientHandler.java
com.netflix.zuul.netty.insights.PassportStateHttpClientHandler$OutboundHandler	/tmp/projects/zuul/zuul-core/src/main/java/com/netflix/zuul/netty/insights/PassportStateHttpClientHandler.java
com.netflix.zuul.netty.ChannelUtils	/tmp/projects/zuul/zuul-core/src/main/java/com/netflix/zuul/netty/ChannelUtils.java
com.netflix.zuul.netty.SpectatorUtils	/tmp/projects/zuul/zuul-core/src/main/java/com/netflix/zuul/netty/SpectatorUtils.java
com.netflix.zuul.netty.filter.ZuulFilterChainHandler	/tmp/projects/zuul/zuul-core/src/main/java/com/netflix/zuul/netty/filter/ZuulFilterChainHandler.java
com.netflix.zuul.netty.RequestCancelledEvent	/tmp/projects/zuul/zuul-core/src/main/java/com/netflix/zuul/netty/RequestCancelledEvent.java
com.netflix.zuul.netty.connectionpool.ClientTimeoutHandler	/tmp/projects/zuul/zuul-core/src/main/java/com/netflix/zuul/netty/connectionpool/ClientTimeoutHandler.java
com.netflix.zuul.netty.connectionpool.ClientTimeoutHandler$InboundHandler	/tmp/projects/zuul/zuul-core/src/main/java/com/netflix/zuul/netty/connectionpool/ClientTimeoutHandler.java
com.netflix.zuul.netty.connectionpool.ClientTimeoutHandler$OutboundHandler	/tmp/projects/zuul/zuul-core/src/main/java/com/netflix/zuul/netty/connectionpool/ClientTimeoutHandler.java
com.netflix.zuul.netty.connectionpool.OriginConnectException	/tmp/projects/zuul/zuul-core/src/main/java/com/netflix/zuul/netty/connectionpool/OriginConnectException.java
com.netflix.zuul.netty.connectionpool.ConnectionPoolConfigImpl	/tmp/projects/zuul/zuul-core/src/main/java/com/netflix/zuul/netty/connectionpool/ConnectionPoolConfigImpl.java
com.netflix.zuul.netty.connectionpool.ZuulNettyExceptionMapper	/tmp/projects/zuul/zuul-core/src/main/java/com/netflix/zuul/netty/connectionpool/ZuulNettyExceptionMapper.java
com.netflix.zuul.netty.connectionpool.BasicRequestStat	/tmp/projects/zuul/zuul-core/src/main/java/com/netflix/zuul/netty/connectionpool/BasicRequestStat.java
com.netflix.zuul.netty.connectionpool.NettyClientConnectionFactory	/tmp/projects/zuul/zuul-core/src/main/java/com/netflix/zuul/netty/connectionpool/NettyClientConnectionFactory.java
com.netflix.zuul.netty.connectionpool.PooledConnectionFactory	/tmp/projects/zuul/zuul-core/src/main/java/com/netflix/zuul/netty/connectionpool/PooledConnectionFactory.java
com.netflix.zuul.netty.connectionpool.IConnectionPool	/tmp/projects/zuul/zuul-core/src/main/java/com/netflix/zuul/netty/connectionpool/IConnectionPool.java
com.netflix.zuul.netty.connectionpool.PerServerConnectionPool	/tmp/projects/zuul/zuul-core/src/main/java/com/netflix/zuul/netty/connectionpool/PerServerConnectionPool.java
com.netflix.zuul.netty.connectionpool.DefaultClientChannelManager	/tmp/projects/zuul/zuul-core/src/main/java/com/netflix/zuul/netty/connectionpool/DefaultClientChannelManager.java
com.netflix.zuul.netty.connectionpool.DefaultClientChannelManager$ServerPoolListener	/tmp/projects/zuul/zuul-core/src/main/java/com/netflix/zuul/netty/connectionpool/DefaultClientChannelManager.java
com.netflix.zuul.netty.ssl.BaseSslContextFactory	/tmp/projects/zuul/zuul-core/src/main/java/com/netflix/zuul/netty/ssl/BaseSslContextFactory.java
com.netflix.zuul.netty.ssl.ClientSslContextFactory	/tmp/projects/zuul/zuul-core/src/main/java/com/netflix/zuul/netty/ssl/ClientSslContextFactory.java
com.netflix.zuul.BasicFilterUsageNotifier	/tmp/projects/zuul/zuul-core/src/main/java/com/netflix/zuul/BasicFilterUsageNotifier.java
com.netflix.zuul.StaticFilterLoader	/tmp/projects/zuul/zuul-core/src/main/java/com/netflix/zuul/StaticFilterLoader.java
com.netflix.NullUnmarked	/tmp/projects/zuul/zuul-core/src/main/java/com/netflix/NullUnmarked.java
com.netflix.Initializer	/tmp/projects/zuul/zuul-core/src/main/java/com/netflix/Initializer.java
com.netflix.netty.common.ConnectionCloseChannelAttributes	/tmp/projects/zuul/zuul-core/src/main/java/com/netflix/netty/common/ConnectionCloseChannelAttributes.java
com.netflix.netty.common.throttle.RejectionType	/tmp/projects/zuul/zuul-core/src/main/java/com/netflix/netty/common/throttle/RejectionType.java
com.netflix.netty.common.proxyprotocol.HAProxyMessageChannelHandler	/tmp/projects/zuul/zuul-core/src/main/java/com/netflix/netty/common/proxyprotocol/HAProxyMessageChannelHandler.java
com.netflix.netty.common.throttle.RejectionUtils	/tmp/projects/zuul/zuul-core/src/main/java/com/netflix/netty/common/throttle/RejectionUtils.java
com.netflix.netty.common.throttle.RequestRejectedEvent	/tmp/projects/zuul/zuul-core/src/main/java/com/netflix/netty/common/throttle/RequestRejectedEvent.java
com.netflix.netty.common.HttpServerLifecycleChannelHandler	/tmp/projects/zuul/zuul-core/src/main/java/com/netflix/netty/common/HttpServerLifecycleChannelHandler.java
com.netflix.netty.common.HttpServerLifecycleChannelHandler$HttpServerLifecycleInboundChannelHandler	/tmp/projects/zuul/zuul-core/src/main/java/com/netflix/netty/common/HttpServerLifecycleChannelHandler.java
com.netflix.netty.common.HttpServerLifecycleChannelHandler$HttpServerLifecycleOutboundChannelHandler	/tmp/projects/zuul/zuul-core/src/main/java/com/netflix/netty/common/HttpServerLifecycleChannelHandler.java
com.netflix.netty.common.HttpRequestReadTimeoutHandler	/tmp/projects/zuul/zuul-core/src/main/java/com/netflix/netty/common/HttpRequestReadTimeoutHandler.java
com.netflix.netty.common.HttpRequestReadTimeoutHandler$InternalReadTimeoutHandler	/tmp/projects/zuul/zuul-core/src/main/java/com/netflix/netty/common/HttpRequestReadTimeoutHandler.java
com.netflix.netty.common.proxyprotocol.ElbProxyProtocolChannelHandler	/tmp/projects/zuul/zuul-core/src/main/java/com/netflix/netty/common/proxyprotocol/ElbProxyProtocolChannelHandler.java
com.netflix.netty.common.metrics.InstrumentedResourceLeakDetector	/tmp/projects/zuul/zuul-core/src/main/java/com/netflix/netty/common/metrics/InstrumentedResourceLeakDetector.java
com.netflix.netty.common.metrics.HttpBodySizeRecordingChannelHandler	/tmp/projects/zuul/zuul-core/src/main/java/com/netflix/netty/common/metrics/HttpBodySizeRecordingChannelHandler.java
com.netflix.netty.common.metrics.HttpBodySizeRecordingChannelHandler$InboundChannelHandler	/tmp/projects/zuul/zuul-core/src/main/java/com/netflix/netty/common/metrics/HttpBodySizeRecordingChannelHandler.java
com.netflix.netty.common.metrics.HttpBodySizeRecordingChannelHandler$OutboundChannelHandler	/tmp/projects/zuul/zuul-core/src/main/java/com/netflix/netty/common/metrics/HttpBodySizeRecordingChannelHandler.java
com.netflix.netty.common.metrics.HttpBodySizeRecordingChannelHandler$State	/tmp/projects/zuul/zuul-core/src/main/java/com/netflix/netty/common/metrics/HttpBodySizeRecordingChannelHandler.java
com.netflix.netty.common.metrics.HttpBodySizeRecordingChannelHandler$InboundBodySizeProvider	/tmp/projects/zuul/zuul-core/src/main/java/com/netflix/netty/common/metrics/HttpBodySizeRecordingChannelHandler.java
com.netflix.netty.common.metrics.HttpBodySizeRecordingChannelHandler$OutboundBodySizeProvider	/tmp/projects/zuul/zuul-core/src/main/java/com/netflix/netty/common/metrics/HttpBodySizeRecordingChannelHandler.java
com.netflix.netty.common.accesslog.AccessLogChannelHandler	/tmp/projects/zuul/zuul-core/src/main/java/com/netflix/netty/common/accesslog/AccessLogChannelHandler.java
com.netflix.netty.common.accesslog.AccessLogChannelHandler$AccessLogInboundChannelHandler	/tmp/projects/zuul/zuul-core/src/main/java/com/netflix/netty/common/accesslog/AccessLogChannelHandler.java
com.netflix.netty.common.accesslog.AccessLogChannelHandler$AccessLogOutboundChannelHandler	/tmp/projects/zuul/zuul-core/src/main/java/com/netflix/netty/common/accesslog/AccessLogChannelHandler.java
com.netflix.netty.common.accesslog.AccessLogChannelHandler$RequestState	/tmp/projects/zuul/zuul-core/src/main/java/com/netflix/netty/common/accesslog/AccessLogChannelHandler.java
com.netflix.netty.common.channel.config.CommonChannelConfigKeys	/tmp/projects/zuul/zuul-core/src/main/java/com/netflix/netty/common/channel/config/CommonChannelConfigKeys.java
com.netflix.netty.common.Http1ConnectionCloseHandler	/tmp/projects/zuul/zuul-core/src/main/java/com/netflix/netty/common/Http1ConnectionCloseHandler.java
com.netflix.netty.common.RequestResponseCompleteEvent	/tmp/projects/zuul/zuul-core/src/main/java/com/netflix/netty/common/RequestResponseCompleteEvent.java
com.netflix.netty.common.Http1ConnectionExpiryHandler	/tmp/projects/zuul/zuul-core/src/main/java/com/netflix/netty/common/Http1ConnectionExpiryHandler.java
com.netflix.netty.common.ByteBufUtil	/tmp/projects/zuul/zuul-core/src/main/java/com/netflix/netty/common/ByteBufUtil.java
com.netflix.netty.common.LeastConnsEventLoopChooserFactory	/tmp/projects/zuul/zuul-core/src/main/java/com/netflix/netty/common/LeastConnsEventLoopChooserFactory.java
com.netflix.netty.common.LeastConnsEventLoopChooserFactory$LeastConnsEventExecutorChooser	/tmp/projects/zuul/zuul-core/src/main/java/com/netflix/netty/common/LeastConnsEventLoopChooserFactory.java
com.netflix.netty.common.CloseOnIdleStateHandler	/tmp/projects/zuul/zuul-core/src/main/java/com/netflix/netty/common/CloseOnIdleStateHandler.java
com.netflix.netty.common.HttpRequestReadTimeoutEvent	/tmp/projects/zuul/zuul-core/src/main/java/com/netflix/netty/common/HttpRequestReadTimeoutEvent.java
com.netflix.netty.common.HttpChannelFlags	/tmp/projects/zuul/zuul-core/src/main/java/com/netflix/netty/common/HttpChannelFlags.java
com.netflix.netty.common.HttpChannelFlags$Flag	/tmp/projects/zuul/zuul-core/src/main/java/com/netflix/netty/common/HttpChannelFlags.java
com.netflix.netty.common.HttpClientLifecycleChannelHandler	/tmp/projects/zuul/zuul-core/src/main/java/com/netflix/netty/common/HttpClientLifecycleChannelHandler.java
com.netflix.netty.common.HttpClientLifecycleChannelHandler$HttpClientLifecycleInboundChannelHandler	/tmp/projects/zuul/zuul-core/src/main/java/com/netflix/netty/common/HttpClientLifecycleChannelHandler.java
com.netflix.netty.common.HttpClientLifecycleChannelHandler$HttpClientLifecycleOutboundChannelHandler	/tmp/projects/zuul/zuul-core/src/main/java/com/netflix/netty/common/HttpClientLifecycleChannelHandler.java
com.netflix.netty.common.CategorizedThreadFactory	/tmp/projects/zuul/zuul-core/src/main/java/com/netflix/netty/common/CategorizedThreadFactory.java
