kind	class	method	param	index	uri	reason	annotation	rootClass	rootMethod
METHOD	com.netflix.zuul.context.SessionContext	get(java.lang.Object)	null	null	/private/tmp/projects/zuul/zuul-core/src/main/java/com/netflix/zuul/context/SessionContext.java	RETURN_NULLABLE	nullable	com.netflix.zuul.context.SessionContext	get(java.lang.Object)
METHOD	com.netflix.zuul.message.Headers	validateField(java.lang.String)	null	null	/private/tmp/projects/zuul/zuul-core/src/main/java/com/netflix/zuul/message/Headers.java	RETURN_NULLABLE	nullable	com.netflix.zuul.message.Headers	validateField(java.lang.String)
METHOD	com.netflix.zuul.message.http.HttpQueryParams	getFirst(java.lang.String)	null	null	/private/tmp/projects/zuul/zuul-core/src/main/java/com/netflix/zuul/message/http/HttpQueryParams.java	RETURN_NULLABLE	nullable	com.netflix.zuul.message.http.HttpQueryParams	getFirst(java.lang.String)
METHOD	com.netflix.zuul.message.http.Cookies	get(java.lang.String)	null	null	/private/tmp/projects/zuul/zuul-core/src/main/java/com/netflix/zuul/message/http/Cookies.java	RETURN_NULLABLE	nullable	com.netflix.zuul.message.http.Cookies	get(java.lang.String)
METHOD	com.netflix.zuul.message.http.Cookies	getFirst(java.lang.String)	null	null	/private/tmp/projects/zuul/zuul-core/src/main/java/com/netflix/zuul/message/http/Cookies.java	RETURN_NULLABLE	nullable	com.netflix.zuul.message.http.Cookies	getFirst(java.lang.String)
METHOD	com.netflix.zuul.message.http.Cookies	getFirstValue(java.lang.String)	null	null	/private/tmp/projects/zuul/zuul-core/src/main/java/com/netflix/zuul/message/http/Cookies.java	RETURN_NULLABLE	nullable	com.netflix.zuul.message.http.Cookies	getFirstValue(java.lang.String)
FIELD	com.netflix.zuul.FilterFileManager	null	poller	null	/private/tmp/projects/zuul/zuul-core/src/main/java/com/netflix/zuul/FilterFileManager.java	METHOD_NO_INIT	nullable	com.netflix.zuul.FilterFileManager	null
FIELD	com.netflix.zuul.netty.server.ClientRequestReceiver	null	zuulRequest	null	/private/tmp/projects/zuul/zuul-core/src/main/java/com/netflix/zuul/netty/server/ClientRequestReceiver.java	METHOD_NO_INIT	nullable	com.netflix.zuul.netty.server.ClientRequestReceiver	null
FIELD	com.netflix.zuul.netty.server.ClientRequestReceiver	null	clientRequest	null	/private/tmp/projects/zuul/zuul-core/src/main/java/com/netflix/zuul/netty/server/ClientRequestReceiver.java	METHOD_NO_INIT	nullable	com.netflix.zuul.netty.server.ClientRequestReceiver	null
FIELD	com.netflix.zuul.netty.server.ClientRequestReceiver	null	clientRequest	null	/private/tmp/projects/zuul/zuul-core/src/main/java/com/netflix/zuul/netty/server/ClientRequestReceiver.java	ASSIGN_FIELD_NULLABLE	nullable	com.netflix.zuul.netty.server.ClientRequestReceiver	userEventTriggered(io.netty.channel.ChannelHandlerContext,java.lang.Object)
FIELD	com.netflix.zuul.netty.server.ClientRequestReceiver	null	zuulRequest	null	/private/tmp/projects/zuul/zuul-core/src/main/java/com/netflix/zuul/netty/server/ClientRequestReceiver.java	ASSIGN_FIELD_NULLABLE	nullable	com.netflix.zuul.netty.server.ClientRequestReceiver	userEventTriggered(io.netty.channel.ChannelHandlerContext,java.lang.Object)
PARAMETER	com.netflix.zuul.message.http.HttpQueryParams	parse(java.lang.String)	queryString	0	/private/tmp/projects/zuul/zuul-core/src/main/java/com/netflix/zuul/message/http/HttpQueryParams.java	PASS_NULLABLE	nullable	com.netflix.zuul.netty.server.ClientRequestReceiver	copyQueryParams(io.netty.handler.codec.http.HttpRequest)
METHOD	com.netflix.zuul.niws.RequestAttempts	getFromSessionContext(com.netflix.zuul.context.SessionContext)	null	null	/private/tmp/projects/zuul/zuul-core/src/main/java/com/netflix/zuul/niws/RequestAttempts.java	RETURN_NULLABLE	nullable	com.netflix.zuul.niws.RequestAttempts	getFromSessionContext(com.netflix.zuul.context.SessionContext)
FIELD	com.netflix.zuul.niws.RequestAttempt	null	cause	null	/private/tmp/projects/zuul/zuul-core/src/main/java/com/netflix/zuul/niws/RequestAttempt.java	METHOD_NO_INIT	nullable	com.netflix.zuul.niws.RequestAttempt	null
FIELD	com.netflix.zuul.niws.RequestAttempt	null	app	null	/private/tmp/projects/zuul/zuul-core/src/main/java/com/netflix/zuul/niws/RequestAttempt.java	METHOD_NO_INIT	nullable	com.netflix.zuul.niws.RequestAttempt	null
FIELD	com.netflix.zuul.niws.RequestAttempt	null	asg	null	/private/tmp/projects/zuul/zuul-core/src/main/java/com/netflix/zuul/niws/RequestAttempt.java	METHOD_NO_INIT	nullable	com.netflix.zuul.niws.RequestAttempt	null
FIELD	com.netflix.zuul.niws.RequestAttempt	null	instanceId	null	/private/tmp/projects/zuul/zuul-core/src/main/java/com/netflix/zuul/niws/RequestAttempt.java	METHOD_NO_INIT	nullable	com.netflix.zuul.niws.RequestAttempt	null
FIELD	com.netflix.zuul.niws.RequestAttempt	null	host	null	/private/tmp/projects/zuul/zuul-core/src/main/java/com/netflix/zuul/niws/RequestAttempt.java	METHOD_NO_INIT	nullable	com.netflix.zuul.niws.RequestAttempt	null
FIELD	com.netflix.zuul.niws.RequestAttempt	null	region	null	/private/tmp/projects/zuul/zuul-core/src/main/java/com/netflix/zuul/niws/RequestAttempt.java	METHOD_NO_INIT	nullable	com.netflix.zuul.niws.RequestAttempt	null
FIELD	com.netflix.zuul.niws.RequestAttempt	null	availabilityZone	null	/private/tmp/projects/zuul/zuul-core/src/main/java/com/netflix/zuul/niws/RequestAttempt.java	METHOD_NO_INIT	nullable	com.netflix.zuul.niws.RequestAttempt	null
FIELD	com.netflix.zuul.niws.RequestAttempt	null	cause	null	/private/tmp/projects/zuul/zuul-core/src/main/java/com/netflix/zuul/niws/RequestAttempt.java	METHOD_NO_INIT	nullable	com.netflix.zuul.niws.RequestAttempt	null
FIELD	com.netflix.zuul.niws.RequestAttempt	null	app	null	/private/tmp/projects/zuul/zuul-core/src/main/java/com/netflix/zuul/niws/RequestAttempt.java	METHOD_NO_INIT	nullable	com.netflix.zuul.niws.RequestAttempt	null
FIELD	com.netflix.zuul.niws.RequestAttempt	null	asg	null	/private/tmp/projects/zuul/zuul-core/src/main/java/com/netflix/zuul/niws/RequestAttempt.java	METHOD_NO_INIT	nullable	com.netflix.zuul.niws.RequestAttempt	null
FIELD	com.netflix.zuul.niws.RequestAttempt	null	instanceId	null	/private/tmp/projects/zuul/zuul-core/src/main/java/com/netflix/zuul/niws/RequestAttempt.java	METHOD_NO_INIT	nullable	com.netflix.zuul.niws.RequestAttempt	null
FIELD	com.netflix.zuul.niws.RequestAttempt	null	host	null	/private/tmp/projects/zuul/zuul-core/src/main/java/com/netflix/zuul/niws/RequestAttempt.java	METHOD_NO_INIT	nullable	com.netflix.zuul.niws.RequestAttempt	null
FIELD	com.netflix.zuul.niws.RequestAttempt	null	region	null	/private/tmp/projects/zuul/zuul-core/src/main/java/com/netflix/zuul/niws/RequestAttempt.java	METHOD_NO_INIT	nullable	com.netflix.zuul.niws.RequestAttempt	null
FIELD	com.netflix.zuul.niws.RequestAttempt	null	availabilityZone	null	/private/tmp/projects/zuul/zuul-core/src/main/java/com/netflix/zuul/niws/RequestAttempt.java	METHOD_NO_INIT	nullable	com.netflix.zuul.niws.RequestAttempt	null
FIELD	com.netflix.zuul.niws.RequestAttempt	null	error	null	/private/tmp/projects/zuul/zuul-core/src/main/java/com/netflix/zuul/niws/RequestAttempt.java	METHOD_NO_INIT	nullable	com.netflix.zuul.niws.RequestAttempt	null
FIELD	com.netflix.zuul.niws.RequestAttempt	null	exceptionType	null	/private/tmp/projects/zuul/zuul-core/src/main/java/com/netflix/zuul/niws/RequestAttempt.java	METHOD_NO_INIT	nullable	com.netflix.zuul.niws.RequestAttempt	null
FIELD	com.netflix.zuul.niws.RequestAttempt	null	vip	null	/private/tmp/projects/zuul/zuul-core/src/main/java/com/netflix/zuul/niws/RequestAttempt.java	METHOD_NO_INIT	nullable	com.netflix.zuul.niws.RequestAttempt	null
FIELD	com.netflix.zuul.niws.RequestAttempt	null	cause	null	/private/tmp/projects/zuul/zuul-core/src/main/java/com/netflix/zuul/niws/RequestAttempt.java	METHOD_NO_INIT	nullable	com.netflix.zuul.niws.RequestAttempt	null
FIELD	com.netflix.zuul.niws.RequestAttempt	null	app	null	/private/tmp/projects/zuul/zuul-core/src/main/java/com/netflix/zuul/niws/RequestAttempt.java	METHOD_NO_INIT	nullable	com.netflix.zuul.niws.RequestAttempt	null
FIELD	com.netflix.zuul.niws.RequestAttempt	null	asg	null	/private/tmp/projects/zuul/zuul-core/src/main/java/com/netflix/zuul/niws/RequestAttempt.java	METHOD_NO_INIT	nullable	com.netflix.zuul.niws.RequestAttempt	null
FIELD	com.netflix.zuul.niws.RequestAttempt	null	instanceId	null	/private/tmp/projects/zuul/zuul-core/src/main/java/com/netflix/zuul/niws/RequestAttempt.java	METHOD_NO_INIT	nullable	com.netflix.zuul.niws.RequestAttempt	null
FIELD	com.netflix.zuul.niws.RequestAttempt	null	host	null	/private/tmp/projects/zuul/zuul-core/src/main/java/com/netflix/zuul/niws/RequestAttempt.java	METHOD_NO_INIT	nullable	com.netflix.zuul.niws.RequestAttempt	null
FIELD	com.netflix.zuul.niws.RequestAttempt	null	region	null	/private/tmp/projects/zuul/zuul-core/src/main/java/com/netflix/zuul/niws/RequestAttempt.java	METHOD_NO_INIT	nullable	com.netflix.zuul.niws.RequestAttempt	null
FIELD	com.netflix.zuul.niws.RequestAttempt	null	availabilityZone	null	/private/tmp/projects/zuul/zuul-core/src/main/java/com/netflix/zuul/niws/RequestAttempt.java	METHOD_NO_INIT	nullable	com.netflix.zuul.niws.RequestAttempt	null
FIELD	com.netflix.zuul.niws.RequestAttempt	null	error	null	/private/tmp/projects/zuul/zuul-core/src/main/java/com/netflix/zuul/niws/RequestAttempt.java	METHOD_NO_INIT	nullable	com.netflix.zuul.niws.RequestAttempt	null
FIELD	com.netflix.zuul.niws.RequestAttempt	null	exceptionType	null	/private/tmp/projects/zuul/zuul-core/src/main/java/com/netflix/zuul/niws/RequestAttempt.java	METHOD_NO_INIT	nullable	com.netflix.zuul.niws.RequestAttempt	null
FIELD	com.netflix.zuul.niws.RequestAttempt	null	vip	null	/private/tmp/projects/zuul/zuul-core/src/main/java/com/netflix/zuul/niws/RequestAttempt.java	METHOD_NO_INIT	nullable	com.netflix.zuul.niws.RequestAttempt	null
FIELD	com.netflix.zuul.niws.RequestAttempt	null	availabilityZone	null	/private/tmp/projects/zuul/zuul-core/src/main/java/com/netflix/zuul/niws/RequestAttempt.java	ASSIGN_FIELD_NULLABLE	nullable	com.netflix.zuul.niws.RequestAttempt	RequestAttempt(int,com.netflix.appinfo.InstanceInfo,java.lang.String,java.lang.String,int,java.lang.String,java.lang.String,int,int,int)
FIELD	com.netflix.zuul.niws.RequestAttempt	null	availabilityZone	null	/private/tmp/projects/zuul/zuul-core/src/main/java/com/netflix/zuul/niws/RequestAttempt.java	ASSIGN_FIELD_NULLABLE	nullable	com.netflix.zuul.niws.RequestAttempt	RequestAttempt(com.netflix.zuul.discovery.DiscoveryResult,com.netflix.client.config.IClientConfig,int,int)
FIELD	com.netflix.zuul.niws.RequestAttempt	null	error	null	/private/tmp/projects/zuul/zuul-core/src/main/java/com/netflix/zuul/niws/RequestAttempt.java	ASSIGN_FIELD_NULLABLE	nullable	com.netflix.zuul.niws.RequestAttempt	setException(java.lang.Throwable)
FIELD	com.netflix.zuul.niws.RequestAttempt	null	cause	null	/private/tmp/projects/zuul/zuul-core/src/main/java/com/netflix/zuul/niws/RequestAttempt.java	ASSIGN_FIELD_NULLABLE	nullable	com.netflix.zuul.niws.RequestAttempt	setException(java.lang.Throwable)
FIELD	com.netflix.zuul.niws.RequestAttempt	null	error	null	/private/tmp/projects/zuul/zuul-core/src/main/java/com/netflix/zuul/niws/RequestAttempt.java	ASSIGN_FIELD_NULLABLE	nullable	com.netflix.zuul.niws.RequestAttempt	setException(java.lang.Throwable)
FIELD	com.netflix.zuul.netty.server.OriginResponseReceiver	null	edgeProxy	null	/private/tmp/projects/zuul/zuul-core/src/main/java/com/netflix/zuul/netty/server/OriginResponseReceiver.java	ASSIGN_FIELD_NULLABLE	nullable	com.netflix.zuul.netty.server.OriginResponseReceiver	unlinkFromClientRequest()
FIELD	com.netflix.zuul.netty.server.OriginResponseReceiver	null	edgeProxy	null	/private/tmp/projects/zuul/zuul-core/src/main/java/com/netflix/zuul/netty/server/OriginResponseReceiver.java	ASSIGN_FIELD_NULLABLE	nullable	com.netflix.zuul.netty.server.OriginResponseReceiver	fireWriteError(java.lang.String,java.lang.Throwable,io.netty.channel.ChannelHandlerContext)
PARAMETER	com.netflix.zuul.exception.ZuulException	ZuulException(java.lang.String,java.lang.String,boolean)	errorCause	1	/private/tmp/projects/zuul/zuul-core/src/main/java/com/netflix/zuul/exception/ZuulException.java	PASS_NULLABLE	nullable	com.netflix.zuul.exception.OutboundException	OutboundException(com.netflix.zuul.exception.ErrorType,com.netflix.zuul.niws.RequestAttempts,java.lang.Throwable)
METHOD	com.netflix.zuul.exception.OutboundException	getFinalRequestAttempt()	null	null	/private/tmp/projects/zuul/zuul-core/src/main/java/com/netflix/zuul/exception/OutboundException.java	RETURN_NULLABLE	nullable	com.netflix.zuul.exception.OutboundException	getFinalRequestAttempt()
METHOD	com.netflix.zuul.netty.connectionpool.ConnectionPoolHandler	getConnectionHeader(com.netflix.netty.common.HttpLifecycleChannelHandler.CompleteEvent)	null	null	/private/tmp/projects/zuul/zuul-core/src/main/java/com/netflix/zuul/netty/connectionpool/ConnectionPoolHandler.java	RETURN_NULLABLE	nullable	com.netflix.zuul.netty.connectionpool.ConnectionPoolHandler	getConnectionHeader(com.netflix.netty.common.HttpLifecycleChannelHandler.CompleteEvent)
PARAMETER	com.netflix.zuul.netty.insights.PassportLoggingHandler	getRequestId(io.netty.channel.Channel,com.netflix.zuul.context.SessionContext)	ctx	1	/private/tmp/projects/zuul/zuul-core/src/main/java/com/netflix/zuul/netty/insights/PassportLoggingHandler.java	PASS_NULLABLE	nullable	com.netflix.zuul.netty.insights.PassportLoggingHandler	logPassport(io.netty.channel.Channel)
PARAMETER	com.netflix.zuul.netty.insights.PassportLoggingHandler	getRequestId(io.netty.channel.Channel,com.netflix.zuul.context.SessionContext)	ctx	1	/private/tmp/projects/zuul/zuul-core/src/main/java/com/netflix/zuul/netty/insights/PassportLoggingHandler.java	PASS_NULLABLE	nullable	com.netflix.zuul.netty.insights.PassportLoggingHandler	logPassport(io.netty.channel.Channel)
PARAMETER	com.netflix.zuul.stats.status.StatusCategoryUtils	getStatusCategory(com.netflix.zuul.context.SessionContext)	ctx	0	/private/tmp/projects/zuul/zuul-core/src/main/java/com/netflix/zuul/stats/status/StatusCategoryUtils.java	PASS_NULLABLE	nullable	com.netflix.zuul.netty.insights.PassportLoggingHandler	logPassport(io.netty.channel.Channel)
PARAMETER	com.netflix.zuul.netty.filter.ZuulFilterChainRunner	ZuulFilterChainRunner(com.netflix.zuul.filters.ZuulFilter<T,T>[],com.netflix.zuul.FilterUsageNotifier,com.netflix.zuul.netty.filter.FilterRunner<T,?>,com.netflix.spectator.api.Registry)	nextStage	2	/private/tmp/projects/zuul/zuul-core/src/main/java/com/netflix/zuul/netty/filter/ZuulFilterChainRunner.java	PASS_NULLABLE	nullable	com.netflix.zuul.netty.filter.ZuulFilterChainRunner	ZuulFilterChainRunner(com.netflix.zuul.filters.ZuulFilter<T,T>[],com.netflix.zuul.FilterUsageNotifier,com.netflix.spectator.api.Registry)
PARAMETER	com.netflix.zuul.netty.filter.BaseZuulFilterRunner	recordFilterCompletion(com.netflix.zuul.ExecutionStatus,com.netflix.zuul.filters.ZuulFilter<I,O>,long,com.netflix.zuul.message.ZuulMessage,com.netflix.zuul.message.ZuulMessage)	startSnapshot	4	/private/tmp/projects/zuul/zuul-core/src/main/java/com/netflix/zuul/netty/filter/BaseZuulFilterRunner.java	PASS_NULLABLE	nullable	com.netflix.zuul.netty.filter.BaseZuulFilterRunner	filter(com.netflix.zuul.filters.ZuulFilter<I,O>,I)
METHOD	com.netflix.zuul.netty.filter.BaseZuulFilterRunner	filter(com.netflix.zuul.filters.ZuulFilter<I,O>,I)	null	null	/private/tmp/projects/zuul/zuul-core/src/main/java/com/netflix/zuul/netty/filter/BaseZuulFilterRunner.java	RETURN_NULLABLE	nullable	com.netflix.zuul.netty.filter.BaseZuulFilterRunner	filter(com.netflix.zuul.filters.ZuulFilter<I,O>,I)
PARAMETER	com.netflix.zuul.netty.filter.BaseZuulFilterRunner	recordFilterCompletion(com.netflix.zuul.ExecutionStatus,com.netflix.zuul.filters.ZuulFilter<I,O>,long,com.netflix.zuul.message.ZuulMessage,com.netflix.zuul.message.ZuulMessage)	startSnapshot	4	/private/tmp/projects/zuul/zuul-core/src/main/java/com/netflix/zuul/netty/filter/BaseZuulFilterRunner.java	PASS_NULLABLE	nullable	com.netflix.zuul.netty.filter.BaseZuulFilterRunner	filter(com.netflix.zuul.filters.ZuulFilter<I,O>,I)
PARAMETER	com.netflix.zuul.netty.filter.BaseZuulFilterRunner$FilterChainResumer	FilterChainResumer(I,com.netflix.zuul.filters.ZuulFilter<I,O>,com.netflix.zuul.message.ZuulMessage,long)	snapshot	2	/private/tmp/projects/zuul/zuul-core/src/main/java/com/netflix/zuul/netty/filter/BaseZuulFilterRunner.java	PASS_NULLABLE	nullable	com.netflix.zuul.netty.filter.BaseZuulFilterRunner	filter(com.netflix.zuul.filters.ZuulFilter<I,O>,I)
METHOD	com.netflix.zuul.netty.filter.BaseZuulFilterRunner	filter(com.netflix.zuul.filters.ZuulFilter<I,O>,I)	null	null	/private/tmp/projects/zuul/zuul-core/src/main/java/com/netflix/zuul/netty/filter/BaseZuulFilterRunner.java	RETURN_NULLABLE	nullable	com.netflix.zuul.netty.filter.BaseZuulFilterRunner	filter(com.netflix.zuul.filters.ZuulFilter<I,O>,I)
PARAMETER	com.netflix.zuul.netty.filter.BaseZuulFilterRunner	recordFilterCompletion(com.netflix.zuul.ExecutionStatus,com.netflix.zuul.filters.ZuulFilter<I,O>,long,com.netflix.zuul.message.ZuulMessage,com.netflix.zuul.message.ZuulMessage)	startSnapshot	4	/private/tmp/projects/zuul/zuul-core/src/main/java/com/netflix/zuul/netty/filter/BaseZuulFilterRunner.java	PASS_NULLABLE	nullable	com.netflix.zuul.netty.filter.BaseZuulFilterRunner	filter(com.netflix.zuul.filters.ZuulFilter<I,O>,I)
METHOD	com.netflix.zuul.context.ZuulSessionContextDecorator	decorate(com.netflix.zuul.context.SessionContext)	null	null	/private/tmp/projects/zuul/zuul-core/src/main/java/com/netflix/zuul/context/ZuulSessionContextDecorator.java	RETURN_NULLABLE	nullable	com.netflix.zuul.context.ZuulSessionContextDecorator	decorate(com.netflix.zuul.context.SessionContext)
METHOD	com.netflix.zuul.util.HttpUtils	extractClientIpFromXForwardedFor(java.lang.String)	null	null	/private/tmp/projects/zuul/zuul-core/src/main/java/com/netflix/zuul/util/HttpUtils.java	RETURN_NULLABLE	nullable	com.netflix.zuul.util.HttpUtils	extractClientIpFromXForwardedFor(java.lang.String)
METHOD	com.netflix.zuul.util.HttpUtils	extractClientIpFromXForwardedFor(java.lang.String)	null	null	/private/tmp/projects/zuul/zuul-core/src/main/java/com/netflix/zuul/util/HttpUtils.java	RETURN_NULLABLE	nullable	com.netflix.zuul.util.HttpUtils	extractClientIpFromXForwardedFor(java.lang.String)
METHOD	com.netflix.zuul.util.HttpUtils	stripMaliciousHeaderChars(java.lang.String)	null	null	/private/tmp/projects/zuul/zuul-core/src/main/java/com/netflix/zuul/util/HttpUtils.java	RETURN_NULLABLE	nullable	com.netflix.zuul.util.HttpUtils	stripMaliciousHeaderChars(java.lang.String)
METHOD	com.netflix.zuul.util.HttpUtils	getContentLengthIfPresent(com.netflix.zuul.message.ZuulMessage)	null	null	/private/tmp/projects/zuul/zuul-core/src/main/java/com/netflix/zuul/util/HttpUtils.java	RETURN_NULLABLE	nullable	com.netflix.zuul.util.HttpUtils	getContentLengthIfPresent(com.netflix.zuul.message.ZuulMessage)
METHOD	com.netflix.zuul.util.HttpUtils	getBodySizeIfKnown(com.netflix.zuul.message.ZuulMessage)	null	null	/private/tmp/projects/zuul/zuul-core/src/main/java/com/netflix/zuul/util/HttpUtils.java	RETURN_NULLABLE	nullable	com.netflix.zuul.util.HttpUtils	getBodySizeIfKnown(com.netflix.zuul.message.ZuulMessage)
METHOD	com.netflix.zuul.plugins.Tracer	loadAddress()	null	null	/private/tmp/projects/zuul/zuul-core/src/main/java/com/netflix/zuul/plugins/Tracer.java	RETURN_NULLABLE	nullable	com.netflix.zuul.plugins.Tracer	loadAddress()
FIELD	com.netflix.zuul.monitoring.TracerFactory	null	INSTANCE	null	/private/tmp/projects/zuul/zuul-core/src/main/java/com/netflix/zuul/monitoring/TracerFactory.java	FIELD_NO_INIT	nullable	com.netflix.zuul.monitoring.TracerFactory	null
FIELD	com.netflix.zuul.message.util.HttpRequestBuilder	null	serverName	null	/private/tmp/projects/zuul/zuul-core/src/main/java/com/netflix/zuul/message/util/HttpRequestBuilder.java	METHOD_NO_INIT	nullable	com.netflix.zuul.message.util.HttpRequestBuilder	null
FIELD	com.netflix.zuul.message.http.HttpResponseMessageImpl	null	inboundResponse	null	/private/tmp/projects/zuul/zuul-core/src/main/java/com/netflix/zuul/message/http/HttpResponseMessageImpl.java	ASSIGN_FIELD_NULLABLE	nullable	com.netflix.zuul.message.http.HttpResponseMessageImpl	inboundResponse
PARAMETER	com.netflix.zuul.message.http.HttpResponseMessageImpl	setBodyAsText(java.lang.String)	bodyText	0	/private/tmp/projects/zuul/zuul-core/src/main/java/com/netflix/zuul/message/http/HttpResponseMessageImpl.java	WRONG_OVERRIDE_PARAM	nullable	com.netflix.zuul.message.http.HttpResponseMessageImpl	setBodyAsText(java.lang.String)
PARAMETER	com.netflix.zuul.message.http.HttpResponseMessageImpl	setBody(byte[])	body	0	/private/tmp/projects/zuul/zuul-core/src/main/java/com/netflix/zuul/message/http/HttpResponseMessageImpl.java	WRONG_OVERRIDE_PARAM	nullable	com.netflix.zuul.message.http.HttpResponseMessageImpl	setBody(byte[])
METHOD	com.netflix.zuul.message.http.HttpResponseMessageImpl	getBodyAsText()	null	null	/private/tmp/projects/zuul/zuul-core/src/main/java/com/netflix/zuul/message/http/HttpResponseMessageImpl.java	RETURN_NULLABLE	nullable	com.netflix.zuul.message.http.HttpResponseMessageImpl	getBodyAsText()
METHOD	com.netflix.zuul.message.http.HttpResponseMessageImpl	getBody()	null	null	/private/tmp/projects/zuul/zuul-core/src/main/java/com/netflix/zuul/message/http/HttpResponseMessageImpl.java	RETURN_NULLABLE	nullable	com.netflix.zuul.message.http.HttpResponseMessageImpl	getBody()
FIELD	com.netflix.zuul.message.http.HttpRequestMessageImpl	null	inboundRequest	null	/private/tmp/projects/zuul/zuul-core/src/main/java/com/netflix/zuul/message/http/HttpRequestMessageImpl.java	ASSIGN_FIELD_NULLABLE	nullable	com.netflix.zuul.message.http.HttpRequestMessageImpl	inboundRequest
FIELD	com.netflix.zuul.message.http.HttpRequestMessageImpl	null	parsedCookies	null	/private/tmp/projects/zuul/zuul-core/src/main/java/com/netflix/zuul/message/http/HttpRequestMessageImpl.java	ASSIGN_FIELD_NULLABLE	nullable	com.netflix.zuul.message.http.HttpRequestMessageImpl	parsedCookies
FIELD	com.netflix.zuul.message.http.HttpRequestMessageImpl	null	reconstructedUri	null	/private/tmp/projects/zuul/zuul-core/src/main/java/com/netflix/zuul/message/http/HttpRequestMessageImpl.java	ASSIGN_FIELD_NULLABLE	nullable	com.netflix.zuul.message.http.HttpRequestMessageImpl	reconstructedUri
FIELD	com.netflix.zuul.message.http.HttpRequestMessageImpl	null	pathAndQuery	null	/private/tmp/projects/zuul/zuul-core/src/main/java/com/netflix/zuul/message/http/HttpRequestMessageImpl.java	ASSIGN_FIELD_NULLABLE	nullable	com.netflix.zuul.message.http.HttpRequestMessageImpl	pathAndQuery
FIELD	com.netflix.zuul.message.http.HttpRequestMessageImpl	null	infoForLogging	null	/private/tmp/projects/zuul/zuul-core/src/main/java/com/netflix/zuul/message/http/HttpRequestMessageImpl.java	ASSIGN_FIELD_NULLABLE	nullable	com.netflix.zuul.message.http.HttpRequestMessageImpl	infoForLogging
PARAMETER	com.netflix.zuul.message.http.HttpRequestMessageImpl	setBodyAsText(java.lang.String)	bodyText	0	/private/tmp/projects/zuul/zuul-core/src/main/java/com/netflix/zuul/message/http/HttpRequestMessageImpl.java	WRONG_OVERRIDE_PARAM	nullable	com.netflix.zuul.message.http.HttpRequestMessageImpl	setBodyAsText(java.lang.String)
PARAMETER	com.netflix.zuul.message.http.HttpRequestMessageImpl	setBody(byte[])	body	0	/private/tmp/projects/zuul/zuul-core/src/main/java/com/netflix/zuul/message/http/HttpRequestMessageImpl.java	WRONG_OVERRIDE_PARAM	nullable	com.netflix.zuul.message.http.HttpRequestMessageImpl	setBody(byte[])
METHOD	com.netflix.zuul.message.http.HttpRequestMessageImpl	getBodyAsText()	null	null	/private/tmp/projects/zuul/zuul-core/src/main/java/com/netflix/zuul/message/http/HttpRequestMessageImpl.java	RETURN_NULLABLE	nullable	com.netflix.zuul.message.http.HttpRequestMessageImpl	getBodyAsText()
METHOD	com.netflix.zuul.message.http.HttpRequestMessageImpl	getBody()	null	null	/private/tmp/projects/zuul/zuul-core/src/main/java/com/netflix/zuul/message/http/HttpRequestMessageImpl.java	RETURN_NULLABLE	nullable	com.netflix.zuul.message.http.HttpRequestMessageImpl	getBody()
PARAMETER	com.netflix.zuul.message.ZuulMessageImpl	setBodyAsText(java.lang.String)	bodyText	0	/private/tmp/projects/zuul/zuul-core/src/main/java/com/netflix/zuul/message/ZuulMessageImpl.java	WRONG_OVERRIDE_PARAM	nullable	com.netflix.zuul.message.ZuulMessageImpl	setBodyAsText(java.lang.String)
PARAMETER	com.netflix.zuul.message.ZuulMessageImpl	setBody(byte[])	body	0	/private/tmp/projects/zuul/zuul-core/src/main/java/com/netflix/zuul/message/ZuulMessageImpl.java	WRONG_OVERRIDE_PARAM	nullable	com.netflix.zuul.message.ZuulMessageImpl	setBody(byte[])
METHOD	com.netflix.zuul.message.ZuulMessageImpl	getBodyAsText()	null	null	/private/tmp/projects/zuul/zuul-core/src/main/java/com/netflix/zuul/message/ZuulMessageImpl.java	RETURN_NULLABLE	nullable	com.netflix.zuul.message.ZuulMessageImpl	getBodyAsText()
METHOD	com.netflix.zuul.message.ZuulMessageImpl	getBody()	null	null	/private/tmp/projects/zuul/zuul-core/src/main/java/com/netflix/zuul/message/ZuulMessageImpl.java	RETURN_NULLABLE	nullable	com.netflix.zuul.message.ZuulMessageImpl	getBody()
METHOD	com.netflix.zuul.StaticFilterLoader	getFiltersByType(com.netflix.zuul.filters.FilterType)	null	null	/private/tmp/projects/zuul/zuul-core/src/main/java/com/netflix/zuul/StaticFilterLoader.java	RETURN_NULLABLE	nullable	com.netflix.zuul.StaticFilterLoader	getFiltersByType(com.netflix.zuul.filters.FilterType)
METHOD	com.netflix.zuul.FilterLoader	getFilterByNameAndType(java.lang.String,com.netflix.zuul.filters.FilterType)	null	null	/private/tmp/projects/zuul/zuul-core/src/main/java/com/netflix/zuul/FilterLoader.java	WRONG_OVERRIDE_RETURN	nullable	com.netflix.zuul.StaticFilterLoader	getFilterByNameAndType(java.lang.String,com.netflix.zuul.filters.FilterType)
FIELD	com.netflix.zuul.netty.insights.PassportStateListener	null	failState	null	/private/tmp/projects/zuul/zuul-core/src/main/java/com/netflix/zuul/netty/insights/PassportStateListener.java	ASSIGN_FIELD_NULLABLE	nullable	com.netflix.zuul.netty.insights.PassportStateListener	PassportStateListener(com.netflix.zuul.passport.CurrentPassport,com.netflix.zuul.passport.PassportState)
FIELD	com.netflix.zuul.netty.server.ssl.SslHandshakeInfoHandler	null	spectatorRegistry	null	/private/tmp/projects/zuul/zuul-core/src/main/java/com/netflix/zuul/netty/server/ssl/SslHandshakeInfoHandler.java	ASSIGN_FIELD_NULLABLE	nullable	com.netflix.zuul.netty.server.ssl.SslHandshakeInfoHandler	SslHandshakeInfoHandler()
PARAMETER	com.netflix.zuul.netty.server.ssl.SslHandshakeInfoHandler	incrementCounters(io.netty.handler.ssl.SslHandshakeCompletionEvent,com.netflix.netty.common.ssl.SslHandshakeInfo)	handshakeInfo	1	/private/tmp/projects/zuul/zuul-core/src/main/java/com/netflix/zuul/netty/server/ssl/SslHandshakeInfoHandler.java	PASS_NULLABLE	nullable	com.netflix.zuul.netty.server.ssl.SslHandshakeInfoHandler	userEventTriggered(io.netty.channel.ChannelHandlerContext,java.lang.Object)
FIELD	com.netflix.zuul.netty.server.push.PushConnection	null	secureToken	null	/private/tmp/projects/zuul/zuul-core/src/main/java/com/netflix/zuul/netty/server/push/PushConnection.java	METHOD_NO_INIT	nullable	com.netflix.zuul.netty.server.push.PushConnection	null
FIELD	com.netflix.zuul.netty.server.push.PushClientProtocolHandler	null	authEvent	null	/private/tmp/projects/zuul/zuul-core/src/main/java/com/netflix/zuul/netty/server/push/PushClientProtocolHandler.java	FIELD_NO_INIT	nullable	com.netflix.zuul.netty.server.push.PushClientProtocolHandler	null
PARAMETER	com.netflix.zuul.netty.server.push.PushMessageSender	sendHttpResponse(io.netty.channel.ChannelHandlerContext,io.netty.handler.codec.http.FullHttpRequest,io.netty.handler.codec.http.HttpResponseStatus,com.netflix.zuul.netty.server.push.PushUserAuth)	userAuth	3	/private/tmp/projects/zuul/zuul-core/src/main/java/com/netflix/zuul/netty/server/push/PushMessageSender.java	PASS_NULLABLE	nullable	com.netflix.zuul.netty.server.push.PushMessageSender	channelRead0(io.netty.channel.ChannelHandlerContext,io.netty.handler.codec.http.FullHttpRequest)
PARAMETER	com.netflix.zuul.netty.server.push.PushMessageSender	sendHttpResponse(io.netty.channel.ChannelHandlerContext,io.netty.handler.codec.http.FullHttpRequest,io.netty.handler.codec.http.HttpResponseStatus,com.netflix.zuul.netty.server.push.PushUserAuth)	userAuth	3	/private/tmp/projects/zuul/zuul-core/src/main/java/com/netflix/zuul/netty/server/push/PushMessageSender.java	PASS_NULLABLE	nullable	com.netflix.zuul.netty.server.push.PushMessageSender	channelRead0(io.netty.channel.ChannelHandlerContext,io.netty.handler.codec.http.FullHttpRequest)
PARAMETER	com.netflix.zuul.netty.server.push.PushMessageSender	sendHttpResponse(io.netty.channel.ChannelHandlerContext,io.netty.handler.codec.http.FullHttpRequest,io.netty.handler.codec.http.HttpResponseStatus,com.netflix.zuul.netty.server.push.PushUserAuth)	userAuth	3	/private/tmp/projects/zuul/zuul-core/src/main/java/com/netflix/zuul/netty/server/push/PushMessageSender.java	PASS_NULLABLE	nullable	com.netflix.zuul.netty.server.push.PushMessageSender	channelRead0(io.netty.channel.ChannelHandlerContext,io.netty.handler.codec.http.FullHttpRequest)
PARAMETER	com.netflix.zuul.netty.server.push.PushMessageSender	sendHttpResponse(io.netty.channel.ChannelHandlerContext,io.netty.handler.codec.http.FullHttpRequest,io.netty.handler.codec.http.HttpResponseStatus,com.netflix.zuul.netty.server.push.PushUserAuth)	userAuth	3	/private/tmp/projects/zuul/zuul-core/src/main/java/com/netflix/zuul/netty/server/push/PushMessageSender.java	PASS_NULLABLE	nullable	com.netflix.zuul.netty.server.push.PushMessageSender	channelRead0(io.netty.channel.ChannelHandlerContext,io.netty.handler.codec.http.FullHttpRequest)
FIELD	com.netflix.zuul.netty.server.push.PushRegistrationHandler	null	authEvent	null	/private/tmp/projects/zuul/zuul-core/src/main/java/com/netflix/zuul/netty/server/push/PushRegistrationHandler.java	METHOD_NO_INIT	nullable	com.netflix.zuul.netty.server.push.PushRegistrationHandler	null
FIELD	com.netflix.zuul.netty.server.push.PushRegistrationHandler	null	ctx	null	/private/tmp/projects/zuul/zuul-core/src/main/java/com/netflix/zuul/netty/server/push/PushRegistrationHandler.java	METHOD_NO_INIT	nullable	com.netflix.zuul.netty.server.push.PushRegistrationHandler	null
FIELD	com.netflix.zuul.netty.server.push.PushRegistrationHandler	null	pushConnection	null	/private/tmp/projects/zuul/zuul-core/src/main/java/com/netflix/zuul/netty/server/push/PushRegistrationHandler.java	METHOD_NO_INIT	nullable	com.netflix.zuul.netty.server.push.PushRegistrationHandler	null
FIELD	com.netflix.zuul.netty.server.ClientResponseWriter	null	zuulResponse	null	/private/tmp/projects/zuul/zuul-core/src/main/java/com/netflix/zuul/netty/server/ClientResponseWriter.java	METHOD_NO_INIT	nullable	com.netflix.zuul.netty.server.ClientResponseWriter	null
FIELD	com.netflix.zuul.netty.server.ClientResponseWriter	null	zuulResponse	null	/private/tmp/projects/zuul/zuul-core/src/main/java/com/netflix/zuul/netty/server/ClientResponseWriter.java	ASSIGN_FIELD_NULLABLE	nullable	com.netflix.zuul.netty.server.ClientResponseWriter	userEventTriggered(io.netty.channel.ChannelHandlerContext,java.lang.Object)
FIELD	com.netflix.zuul.netty.server.Server	null	serverGroup	null	/private/tmp/projects/zuul/zuul-core/src/main/java/com/netflix/zuul/netty/server/Server.java	METHOD_NO_INIT	nullable	com.netflix.zuul.netty.server.Server	null
FIELD	com.netflix.zuul.netty.server.Server$ServerGroup	null	clientToProxyBossPool	null	/private/tmp/projects/zuul/zuul-core/src/main/java/com/netflix/zuul/netty/server/Server.java	METHOD_NO_INIT	nullable	com.netflix.zuul.netty.server.Server$ServerGroup	null
FIELD	com.netflix.zuul.netty.server.Server$ServerGroup	null	clientToProxyWorkerPool	null	/private/tmp/projects/zuul/zuul-core/src/main/java/com/netflix/zuul/netty/server/Server.java	METHOD_NO_INIT	nullable	com.netflix.zuul.netty.server.Server$ServerGroup	null
FIELD	com.netflix.zuul.netty.server.Server$ServerGroup	null	channelType	null	/private/tmp/projects/zuul/zuul-core/src/main/java/com/netflix/zuul/netty/server/Server.java	METHOD_NO_INIT	nullable	com.netflix.zuul.netty.server.Server$ServerGroup	null
FIELD	com.netflix.zuul.netty.server.Server$ServerGroup	null	transportChannelOptions	null	/private/tmp/projects/zuul/zuul-core/src/main/java/com/netflix/zuul/netty/server/Server.java	METHOD_NO_INIT	nullable	com.netflix.zuul.netty.server.Server$ServerGroup	null
FIELD	com.netflix.zuul.netty.server.BaseServerStartup	null	addrsToChannelInitializers	null	/private/tmp/projects/zuul/zuul-core/src/main/java/com/netflix/zuul/netty/server/BaseServerStartup.java	METHOD_NO_INIT	nullable	com.netflix.zuul.netty.server.BaseServerStartup	null
FIELD	com.netflix.zuul.netty.server.BaseServerStartup	null	clientConnectionsShutdown	null	/private/tmp/projects/zuul/zuul-core/src/main/java/com/netflix/zuul/netty/server/BaseServerStartup.java	METHOD_NO_INIT	nullable	com.netflix.zuul.netty.server.BaseServerStartup	null
FIELD	com.netflix.zuul.netty.server.BaseServerStartup	null	server	null	/private/tmp/projects/zuul/zuul-core/src/main/java/com/netflix/zuul/netty/server/BaseServerStartup.java	METHOD_NO_INIT	nullable	com.netflix.zuul.netty.server.BaseServerStartup	null
METHOD	com.netflix.zuul.netty.ratelimiting.NullChannelHandlerProvider	get()	null	null	/private/tmp/projects/zuul/zuul-core/src/main/java/com/netflix/zuul/netty/ratelimiting/NullChannelHandlerProvider.java	RETURN_NULLABLE	nullable	com.netflix.zuul.netty.ratelimiting.NullChannelHandlerProvider	get()
METHOD	com.netflix.zuul.netty.connectionpool.PerServerConnectionPool	tryGettingFromConnectionPool(io.netty.channel.EventLoop)	null	null	/private/tmp/projects/zuul/zuul-core/src/main/java/com/netflix/zuul/netty/connectionpool/PerServerConnectionPool.java	RETURN_NULLABLE	nullable	com.netflix.zuul.netty.connectionpool.PerServerConnectionPool	tryGettingFromConnectionPool(io.netty.channel.EventLoop)
PARAMETER	com.netflix.zuul.netty.connectionpool.OriginConnectException	OriginConnectException(java.lang.String,java.lang.Throwable,com.netflix.zuul.exception.ErrorType)	message	0	/private/tmp/projects/zuul/zuul-core/src/main/java/com/netflix/zuul/netty/connectionpool/OriginConnectException.java	PASS_NULLABLE	nullable	com.netflix.zuul.netty.connectionpool.PerServerConnectionPool	handleConnectCompletion(io.netty.channel.ChannelFuture,io.netty.util.concurrent.Promise<com.netflix.zuul.netty.connectionpool.PooledConnection>,com.netflix.zuul.passport.CurrentPassport)
FIELD	com.netflix.zuul.netty.connectionpool.DefaultClientChannelManager	null	clientConnFactory	null	/private/tmp/projects/zuul/zuul-core/src/main/java/com/netflix/zuul/netty/connectionpool/DefaultClientChannelManager.java	METHOD_NO_INIT	nullable	com.netflix.zuul.netty.connectionpool.DefaultClientChannelManager	null
FIELD	com.netflix.zuul.netty.connectionpool.DefaultClientChannelManager	null	channelInitializer	null	/private/tmp/projects/zuul/zuul-core/src/main/java/com/netflix/zuul/netty/connectionpool/DefaultClientChannelManager.java	METHOD_NO_INIT	nullable	com.netflix.zuul.netty.connectionpool.DefaultClientChannelManager	null
FIELD	com.netflix.zuul.netty.connectionpool.DefaultClientChannelManager	null	clientConnFactory	null	/private/tmp/projects/zuul/zuul-core/src/main/java/com/netflix/zuul/netty/connectionpool/DefaultClientChannelManager.java	METHOD_NO_INIT	nullable	com.netflix.zuul.netty.connectionpool.DefaultClientChannelManager	null
FIELD	com.netflix.zuul.netty.connectionpool.DefaultClientChannelManager	null	channelInitializer	null	/private/tmp/projects/zuul/zuul-core/src/main/java/com/netflix/zuul/netty/connectionpool/DefaultClientChannelManager.java	METHOD_NO_INIT	nullable	com.netflix.zuul.netty.connectionpool.DefaultClientChannelManager	null
FIELD	com.netflix.zuul.netty.filter.ZuulFilterChainHandler	null	zuulRequest	null	/private/tmp/projects/zuul/zuul-core/src/main/java/com/netflix/zuul/netty/filter/ZuulFilterChainHandler.java	METHOD_NO_INIT	nullable	com.netflix.zuul.netty.filter.ZuulFilterChainHandler	null
FIELD	com.netflix.zuul.netty.filter.ZuulFilterChainHandler	null	zuulRequest	null	/private/tmp/projects/zuul/zuul-core/src/main/java/com/netflix/zuul/netty/filter/ZuulFilterChainHandler.java	ASSIGN_FIELD_NULLABLE	nullable	com.netflix.zuul.netty.filter.ZuulFilterChainHandler	fireEndpointFinish(boolean,io.netty.channel.ChannelHandlerContext)
METHOD	com.netflix.zuul.passport.CurrentPassport	fromSessionContext(com.netflix.zuul.context.SessionContext)	null	null	/private/tmp/projects/zuul/zuul-core/src/main/java/com/netflix/zuul/passport/CurrentPassport.java	RETURN_NULLABLE	nullable	com.netflix.zuul.passport.CurrentPassport	fromSessionContext(com.netflix.zuul.context.SessionContext)
METHOD	com.netflix.zuul.passport.CurrentPassport	getState()	null	null	/private/tmp/projects/zuul/zuul-core/src/main/java/com/netflix/zuul/passport/CurrentPassport.java	RETURN_NULLABLE	nullable	com.netflix.zuul.passport.CurrentPassport	getState()
METHOD	com.netflix.zuul.passport.CurrentPassport	findState(com.netflix.zuul.passport.PassportState)	null	null	/private/tmp/projects/zuul/zuul-core/src/main/java/com/netflix/zuul/passport/CurrentPassport.java	RETURN_NULLABLE	nullable	com.netflix.zuul.passport.CurrentPassport	findState(com.netflix.zuul.passport.PassportState)
METHOD	com.netflix.zuul.passport.CurrentPassport	findStateBackwards(com.netflix.zuul.passport.PassportState)	null	null	/private/tmp/projects/zuul/zuul-core/src/main/java/com/netflix/zuul/passport/CurrentPassport.java	RETURN_NULLABLE	nullable	com.netflix.zuul.passport.CurrentPassport	findStateBackwards(com.netflix.zuul.passport.PassportState)
METHOD	com.netflix.zuul.passport.CurrentPassport	parseFromToString(java.lang.String)	null	null	/private/tmp/projects/zuul/zuul-core/src/main/java/com/netflix/zuul/passport/CurrentPassport.java	RETURN_NULLABLE	nullable	com.netflix.zuul.passport.CurrentPassport	parseFromToString(java.lang.String)
METHOD	com.netflix.zuul.DynamicFilterLoader	getFilterByNameAndType(java.lang.String,com.netflix.zuul.filters.FilterType)	null	null	/private/tmp/projects/zuul/zuul-core/src/main/java/com/netflix/zuul/DynamicFilterLoader.java	RETURN_NULLABLE	nullable	com.netflix.zuul.DynamicFilterLoader	getFilterByNameAndType(java.lang.String,com.netflix.zuul.filters.FilterType)
METHOD	com.netflix.zuul.DynamicFilterLoader	getFilterByNameAndType(java.lang.String,com.netflix.zuul.filters.FilterType)	null	null	/private/tmp/projects/zuul/zuul-core/src/main/java/com/netflix/zuul/DynamicFilterLoader.java	RETURN_NULLABLE	nullable	com.netflix.zuul.DynamicFilterLoader	getFilterByNameAndType(java.lang.String,com.netflix.zuul.filters.FilterType)
FIELD	com.netflix.zuul.monitoring.ConnCounter	null	lastCountKey	null	/private/tmp/projects/zuul/zuul-core/src/main/java/com/netflix/zuul/monitoring/ConnCounter.java	METHOD_NO_INIT	nullable	com.netflix.zuul.monitoring.ConnCounter	null
PARAMETER	com.netflix.zuul.netty.connectionpool.ClientChannelManager	acquire(io.netty.channel.EventLoop,java.lang.Object,com.netflix.zuul.passport.CurrentPassport,java.util.concurrent.atomic.AtomicReference<com.netflix.zuul.discovery.DiscoveryResult>,java.util.concurrent.atomic.AtomicReference<? super java.net.InetAddress>)	key	1	/private/tmp/projects/zuul/zuul-core/src/main/java/com/netflix/zuul/netty/connectionpool/ClientChannelManager.java	PASS_NULLABLE	nullable	com.netflix.zuul.origins.BasicNettyOrigin	connectToOrigin(com.netflix.zuul.message.http.HttpRequestMessage,io.netty.channel.EventLoop,int,com.netflix.zuul.passport.CurrentPassport,java.util.concurrent.atomic.AtomicReference<com.netflix.zuul.discovery.DiscoveryResult>,java.util.concurrent.atomic.AtomicReference<? super java.net.InetAddress>)
METHOD	com.netflix.zuul.origins.BasicNettyOrigin	getIpAddrFromServer(com.netflix.zuul.discovery.DiscoveryResult)	null	null	/private/tmp/projects/zuul/zuul-core/src/main/java/com/netflix/zuul/origins/BasicNettyOrigin.java	RETURN_NULLABLE	nullable	com.netflix.zuul.origins.BasicNettyOrigin	getIpAddrFromServer(com.netflix.zuul.discovery.DiscoveryResult)
METHOD	com.netflix.zuul.stats.status.StatusCategoryUtils	getStatusCategory(com.netflix.zuul.message.ZuulMessage)	null	null	/private/tmp/projects/zuul/zuul-core/src/main/java/com/netflix/zuul/stats/status/StatusCategoryUtils.java	RETURN_NULLABLE	nullable	com.netflix.zuul.stats.status.StatusCategoryUtils	getStatusCategory(com.netflix.zuul.message.ZuulMessage)
METHOD	com.netflix.zuul.stats.StatsManager	getRouteStatusCodeMonitor(java.lang.String,int)	null	null	/private/tmp/projects/zuul/zuul-core/src/main/java/com/netflix/zuul/stats/StatsManager.java	RETURN_NULLABLE	nullable	com.netflix.zuul.stats.StatsManager	getRouteStatusCodeMonitor(java.lang.String,int)
METHOD	com.netflix.zuul.stats.StatsManager	getRouteStatusCodeMonitor(java.lang.String,int)	null	null	/private/tmp/projects/zuul/zuul-core/src/main/java/com/netflix/zuul/stats/StatsManager.java	RETURN_NULLABLE	nullable	com.netflix.zuul.stats.StatsManager	getRouteStatusCodeMonitor(java.lang.String,int)
METHOD	com.netflix.zuul.stats.StatsManager	getHostMonitor(java.lang.String)	null	null	/private/tmp/projects/zuul/zuul-core/src/main/java/com/netflix/zuul/stats/StatsManager.java	RETURN_NULLABLE	nullable	com.netflix.zuul.stats.StatsManager	getHostMonitor(java.lang.String)
METHOD	com.netflix.zuul.stats.StatsManager	getProtocolMonitor(java.lang.String)	null	null	/private/tmp/projects/zuul/zuul-core/src/main/java/com/netflix/zuul/stats/StatsManager.java	RETURN_NULLABLE	nullable	com.netflix.zuul.stats.StatsManager	getProtocolMonitor(java.lang.String)
METHOD	com.netflix.zuul.stats.ErrorStatsManager	getStats(java.lang.String,java.lang.String)	null	null	/private/tmp/projects/zuul/zuul-core/src/main/java/com/netflix/zuul/stats/ErrorStatsManager.java	RETURN_NULLABLE	nullable	com.netflix.zuul.stats.ErrorStatsManager	getStats(java.lang.String,java.lang.String)
METHOD	com.netflix.zuul.stats.ErrorStatsManager	getStats(java.lang.String,java.lang.String)	null	null	/private/tmp/projects/zuul/zuul-core/src/main/java/com/netflix/zuul/stats/ErrorStatsManager.java	RETURN_NULLABLE	nullable	com.netflix.zuul.stats.ErrorStatsManager	getStats(java.lang.String,java.lang.String)
FIELD	com.netflix.zuul.stats.monitoring.MonitorRegistry	null	publisher	null	/private/tmp/projects/zuul/zuul-core/src/main/java/com/netflix/zuul/stats/monitoring/MonitorRegistry.java	FIELD_NO_INIT	nullable	com.netflix.zuul.stats.monitoring.MonitorRegistry	null
FIELD	com.netflix.zuul.ZuulApplicationInfo	null	applicationName	null	/private/tmp/projects/zuul/zuul-core/src/main/java/com/netflix/zuul/ZuulApplicationInfo.java	FIELD_NO_INIT	nullable	com.netflix.zuul.ZuulApplicationInfo	null
FIELD	com.netflix.zuul.ZuulApplicationInfo	null	stack	null	/private/tmp/projects/zuul/zuul-core/src/main/java/com/netflix/zuul/ZuulApplicationInfo.java	FIELD_NO_INIT	nullable	com.netflix.zuul.ZuulApplicationInfo	null
