kind	class	method	param	index	uri	field
METHOD	com.netflix.zuul.netty.connectionpool.PooledConnection	setInUse()	null	null	/home/nima/Desktop/docker/benchmarks/zuul/zuul-core/src/main/java/com/netflix/zuul/netty/connectionpool/PooledConnection.java	connectionState
METHOD	com.netflix.zuul.netty.connectionpool.PooledConnection	setConnectionState(com.netflix.zuul.netty.connectionpool.PooledConnection.ConnectionState)	null	null	/home/nima/Desktop/docker/benchmarks/zuul/zuul-core/src/main/java/com/netflix/zuul/netty/connectionpool/PooledConnection.java	connectionState
METHOD	com.netflix.zuul.niws.RequestAttempt	setError(java.lang.String)	null	null	/home/nima/Desktop/docker/benchmarks/zuul/zuul-core/src/main/java/com/netflix/zuul/niws/RequestAttempt.java	error
METHOD	com.netflix.zuul.niws.RequestAttempt	setExceptionType(java.lang.String)	null	null	/home/nima/Desktop/docker/benchmarks/zuul/zuul-core/src/main/java/com/netflix/zuul/niws/RequestAttempt.java	exceptionType
METHOD	com.netflix.zuul.niws.RequestAttempt	setApp(java.lang.String)	null	null	/home/nima/Desktop/docker/benchmarks/zuul/zuul-core/src/main/java/com/netflix/zuul/niws/RequestAttempt.java	app
METHOD	com.netflix.zuul.niws.RequestAttempt	setAsg(java.lang.String)	null	null	/home/nima/Desktop/docker/benchmarks/zuul/zuul-core/src/main/java/com/netflix/zuul/niws/RequestAttempt.java	asg
METHOD	com.netflix.zuul.niws.RequestAttempt	setInstanceId(java.lang.String)	null	null	/home/nima/Desktop/docker/benchmarks/zuul/zuul-core/src/main/java/com/netflix/zuul/niws/RequestAttempt.java	instanceId
METHOD	com.netflix.zuul.niws.RequestAttempt	setHost(java.lang.String)	null	null	/home/nima/Desktop/docker/benchmarks/zuul/zuul-core/src/main/java/com/netflix/zuul/niws/RequestAttempt.java	host
METHOD	com.netflix.zuul.niws.RequestAttempt	setVip(java.lang.String)	null	null	/home/nima/Desktop/docker/benchmarks/zuul/zuul-core/src/main/java/com/netflix/zuul/niws/RequestAttempt.java	vip
METHOD	com.netflix.zuul.niws.RequestAttempt	setRegion(java.lang.String)	null	null	/home/nima/Desktop/docker/benchmarks/zuul/zuul-core/src/main/java/com/netflix/zuul/niws/RequestAttempt.java	region
METHOD	com.netflix.zuul.niws.RequestAttempt	setAvailabilityZone(java.lang.String)	null	null	/home/nima/Desktop/docker/benchmarks/zuul/zuul-core/src/main/java/com/netflix/zuul/niws/RequestAttempt.java	availabilityZone
METHOD	com.netflix.zuul.message.ZuulMessageImpl	setHeaders(com.netflix.zuul.message.Headers)	null	null	/home/nima/Desktop/docker/benchmarks/zuul/zuul-core/src/main/java/com/netflix/zuul/message/ZuulMessageImpl.java	headers
METHOD	com.netflix.zuul.message.http.HttpResponseMessageImpl	storeInboundResponse()	null	null	/home/nima/Desktop/docker/benchmarks/zuul/zuul-core/src/main/java/com/netflix/zuul/message/http/HttpResponseMessageImpl.java	inboundResponse
METHOD	com.netflix.zuul.message.http.HttpRequestMessageImpl	setProtocol(java.lang.String)	null	null	/home/nima/Desktop/docker/benchmarks/zuul/zuul-core/src/main/java/com/netflix/zuul/message/http/HttpRequestMessageImpl.java	protocol
METHOD	com.netflix.zuul.message.http.HttpRequestMessageImpl	setMethod(java.lang.String)	null	null	/home/nima/Desktop/docker/benchmarks/zuul/zuul-core/src/main/java/com/netflix/zuul/message/http/HttpRequestMessageImpl.java	method
METHOD	com.netflix.zuul.message.http.HttpRequestMessageImpl	setPath(java.lang.String)	null	null	/home/nima/Desktop/docker/benchmarks/zuul/zuul-core/src/main/java/com/netflix/zuul/message/http/HttpRequestMessageImpl.java	path
METHOD	com.netflix.zuul.message.http.HttpRequestMessageImpl	setPath(java.lang.String)	null	null	/home/nima/Desktop/docker/benchmarks/zuul/zuul-core/src/main/java/com/netflix/zuul/message/http/HttpRequestMessageImpl.java	decodedPath
METHOD	com.netflix.zuul.message.http.HttpRequestMessageImpl	setClientIp(java.lang.String)	null	null	/home/nima/Desktop/docker/benchmarks/zuul/zuul-core/src/main/java/com/netflix/zuul/message/http/HttpRequestMessageImpl.java	clientIp
METHOD	com.netflix.zuul.message.http.HttpRequestMessageImpl	setScheme(java.lang.String)	null	null	/home/nima/Desktop/docker/benchmarks/zuul/zuul-core/src/main/java/com/netflix/zuul/message/http/HttpRequestMessageImpl.java	scheme
METHOD	com.netflix.zuul.message.http.HttpRequestMessageImpl	setServerName(java.lang.String)	null	null	/home/nima/Desktop/docker/benchmarks/zuul/zuul-core/src/main/java/com/netflix/zuul/message/http/HttpRequestMessageImpl.java	serverName
METHOD	com.netflix.zuul.message.http.HttpRequestMessageImpl	parseCookies()	null	null	/home/nima/Desktop/docker/benchmarks/zuul/zuul-core/src/main/java/com/netflix/zuul/message/http/HttpRequestMessageImpl.java	parsedCookies
METHOD	com.netflix.zuul.message.http.HttpRequestMessageImpl	reParseCookies()	null	null	/home/nima/Desktop/docker/benchmarks/zuul/zuul-core/src/main/java/com/netflix/zuul/message/http/HttpRequestMessageImpl.java	parsedCookies
METHOD	com.netflix.zuul.message.http.HttpRequestMessageImpl	storeInboundRequest()	null	null	/home/nima/Desktop/docker/benchmarks/zuul/zuul-core/src/main/java/com/netflix/zuul/message/http/HttpRequestMessageImpl.java	inboundRequest
METHOD	com.netflix.zuul.message.http.HttpRequestMessageImpl	setQueryParams(com.netflix.zuul.message.http.HttpQueryParams)	null	null	/home/nima/Desktop/docker/benchmarks/zuul/zuul-core/src/main/java/com/netflix/zuul/message/http/HttpRequestMessageImpl.java	queryParams
METHOD	com.netflix.zuul.message.util.HttpRequestBuilder	withHost(java.lang.String)	null	null	/home/nima/Desktop/docker/benchmarks/zuul/zuul-core/src/main/java/com/netflix/zuul/message/util/HttpRequestBuilder.java	serverName
METHOD	com.netflix.zuul.message.util.HttpRequestBuilder	withHeaders(com.netflix.zuul.message.Headers)	null	null	/home/nima/Desktop/docker/benchmarks/zuul/zuul-core/src/main/java/com/netflix/zuul/message/util/HttpRequestBuilder.java	headers
METHOD	com.netflix.zuul.message.util.HttpRequestBuilder	withQueryParams(com.netflix.zuul.message.http.HttpQueryParams)	null	null	/home/nima/Desktop/docker/benchmarks/zuul/zuul-core/src/main/java/com/netflix/zuul/message/util/HttpRequestBuilder.java	queryParams
METHOD	com.netflix.zuul.message.util.HttpRequestBuilder	withMethod(io.netty.handler.codec.http.HttpMethod)	null	null	/home/nima/Desktop/docker/benchmarks/zuul/zuul-core/src/main/java/com/netflix/zuul/message/util/HttpRequestBuilder.java	method
METHOD	com.netflix.zuul.message.util.HttpRequestBuilder	withUri(java.lang.String)	null	null	/home/nima/Desktop/docker/benchmarks/zuul/zuul-core/src/main/java/com/netflix/zuul/message/util/HttpRequestBuilder.java	path
METHOD	com.netflix.zuul.stats.monitoring.MonitorRegistry	setPublisher(com.netflix.zuul.stats.monitoring.Monitor)	null	null	/home/nima/Desktop/docker/benchmarks/zuul/zuul-core/src/main/java/com/netflix/zuul/stats/monitoring/MonitorRegistry.java	publisher
METHOD	com.netflix.zuul.FilterFileManager	startPoller()	null	null	/home/nima/Desktop/docker/benchmarks/zuul/zuul-core/src/main/java/com/netflix/zuul/FilterFileManager.java	poller
METHOD	com.netflix.zuul.netty.connectionpool.DefaultClientChannelManager	init()	null	null	/home/nima/Desktop/docker/benchmarks/zuul/zuul-core/src/main/java/com/netflix/zuul/netty/connectionpool/DefaultClientChannelManager.java	channelInitializer
METHOD	com.netflix.zuul.netty.connectionpool.DefaultClientChannelManager	init()	null	null	/home/nima/Desktop/docker/benchmarks/zuul/zuul-core/src/main/java/com/netflix/zuul/netty/connectionpool/DefaultClientChannelManager.java	clientConnFactory
METHOD	com.netflix.zuul.netty.server.push.PushConnection	setSecureToken(java.lang.String)	null	null	/home/nima/Desktop/docker/benchmarks/zuul/zuul-core/src/main/java/com/netflix/zuul/netty/server/push/PushConnection.java	secureToken
METHOD	com.netflix.zuul.netty.server.push.PushRegistrationHandler	userEventTriggered(io.netty.channel.ChannelHandlerContext,java.lang.Object)	null	null	/home/nima/Desktop/docker/benchmarks/zuul/zuul-core/src/main/java/com/netflix/zuul/netty/server/push/PushRegistrationHandler.java	ctx
METHOD	com.netflix.zuul.netty.server.BaseServerStartup	init()	null	null	/home/nima/Desktop/docker/benchmarks/zuul/zuul-core/src/main/java/com/netflix/zuul/netty/server/BaseServerStartup.java	clientConnectionsShutdown
METHOD	com.netflix.zuul.netty.server.BaseServerStartup	init()	null	null	/home/nima/Desktop/docker/benchmarks/zuul/zuul-core/src/main/java/com/netflix/zuul/netty/server/BaseServerStartup.java	addrsToChannelInitializers
METHOD	com.netflix.zuul.netty.server.BaseServerStartup	init()	null	null	/home/nima/Desktop/docker/benchmarks/zuul/zuul-core/src/main/java/com/netflix/zuul/netty/server/BaseServerStartup.java	server
METHOD	com.netflix.zuul.netty.server.Server	start()	null	null	/home/nima/Desktop/docker/benchmarks/zuul/zuul-core/src/main/java/com/netflix/zuul/netty/server/Server.java	serverGroup
METHOD	com.netflix.zuul.netty.server.Server$ServerGroup	initializeTransport()	null	null	/home/nima/Desktop/docker/benchmarks/zuul/zuul-core/src/main/java/com/netflix/zuul/netty/server/Server.java	channelType
METHOD	com.netflix.zuul.netty.server.Server$ServerGroup	initializeTransport()	null	null	/home/nima/Desktop/docker/benchmarks/zuul/zuul-core/src/main/java/com/netflix/zuul/netty/server/Server.java	clientToProxyBossPool
METHOD	com.netflix.zuul.netty.server.Server$ServerGroup	initializeTransport()	null	null	/home/nima/Desktop/docker/benchmarks/zuul/zuul-core/src/main/java/com/netflix/zuul/netty/server/Server.java	clientToProxyWorkerPool
METHOD	com.netflix.zuul.netty.server.Server$ServerGroup	initializeTransport()	null	null	/home/nima/Desktop/docker/benchmarks/zuul/zuul-core/src/main/java/com/netflix/zuul/netty/server/Server.java	channelType
METHOD	com.netflix.zuul.netty.server.Server$ServerGroup	initializeTransport()	null	null	/home/nima/Desktop/docker/benchmarks/zuul/zuul-core/src/main/java/com/netflix/zuul/netty/server/Server.java	clientToProxyBossPool
METHOD	com.netflix.zuul.netty.server.Server$ServerGroup	initializeTransport()	null	null	/home/nima/Desktop/docker/benchmarks/zuul/zuul-core/src/main/java/com/netflix/zuul/netty/server/Server.java	clientToProxyWorkerPool
METHOD	com.netflix.zuul.netty.server.Server$ServerGroup	initializeTransport()	null	null	/home/nima/Desktop/docker/benchmarks/zuul/zuul-core/src/main/java/com/netflix/zuul/netty/server/Server.java	channelType
METHOD	com.netflix.zuul.netty.server.Server$ServerGroup	initializeTransport()	null	null	/home/nima/Desktop/docker/benchmarks/zuul/zuul-core/src/main/java/com/netflix/zuul/netty/server/Server.java	clientToProxyBossPool
METHOD	com.netflix.zuul.netty.server.Server$ServerGroup	initializeTransport()	null	null	/home/nima/Desktop/docker/benchmarks/zuul/zuul-core/src/main/java/com/netflix/zuul/netty/server/Server.java	clientToProxyWorkerPool
METHOD	com.netflix.zuul.netty.server.Server$ServerGroup	initializeTransport()	null	null	/home/nima/Desktop/docker/benchmarks/zuul/zuul-core/src/main/java/com/netflix/zuul/netty/server/Server.java	channelType
METHOD	com.netflix.zuul.netty.server.Server$ServerGroup	initializeTransport()	null	null	/home/nima/Desktop/docker/benchmarks/zuul/zuul-core/src/main/java/com/netflix/zuul/netty/server/Server.java	clientToProxyBossPool
METHOD	com.netflix.zuul.netty.server.Server$ServerGroup	initializeTransport()	null	null	/home/nima/Desktop/docker/benchmarks/zuul/zuul-core/src/main/java/com/netflix/zuul/netty/server/Server.java	clientToProxyWorkerPool
METHOD	com.netflix.zuul.netty.server.Server$ServerGroup	initializeTransport()	null	null	/home/nima/Desktop/docker/benchmarks/zuul/zuul-core/src/main/java/com/netflix/zuul/netty/server/Server.java	transportChannelOptions
METHOD	com.netflix.zuul.plugins.Tracer$SpectatorTracer	setName(java.lang.String)	null	null	/home/nima/Desktop/docker/benchmarks/zuul/zuul-core/src/main/java/com/netflix/zuul/plugins/Tracer.java	name
